"ID","COMPLEXITY","NAME","N TERMINUS","SEQUENCE","C TERMINUS","SYNTHESIS TYPE","TARGET GROUP","TARGET OBJECT"
"15","Monomer","Histatin 5","","DSHAKRHHGYKRKFHEKHHSHRGY","","Ribosomal","Gram+    Gram-    Parasite    Fungus    Mammalian Cell","Lipid Bilayer"
"37","Monomer","PGLa","","GMASKAGAIAGKIAKVALKAL","AMD","Ribosomal","Gram+    Gram-    Virus    Fungus    Mammalian Cell","Lipid Bilayer    Virus replication"
"146","Monomer","LL-37 fragment KR-12","","KRIVQRIKDFLR","","Synthetic","Gram+    Gram-    Virus    Cancer    Fungus    Mammalian Cell    Biofilm","Lipid Bilayer    Virus replication"
"165","Monomer","CP26, MBI 26","","KWKSFIKKLTSAAKKVVTTAKPLISS","","Synthetic","Gram+    Gram-    Fungus    Mammalian Cell","Lipid Bilayer"
"230","Monomer","P18","","KWKLFKKIPKFLHLAKKF","AMD","Synthetic","Gram+    Gram-    Cancer    Fungus    Mammalian Cell","Lipid Bilayer"
"360","Monomer","Magainin-2 	 ","","GIGKFLHSAKKFGKAFVGEIMNS","","Ribosomal","Gram+    Gram-    Virus    Parasite    Cancer    Fungus    Mammalian Cell    Protista","Lipid Bilayer"
"488","Monomer","dhvar4","","KRLFKKLLFSLRKY","","Synthetic","Gram+    Parasite    Fungus    Mammalian Cell","Lipid Bilayer"
"490","Monomer","Human Defensin beta 104A (hBD-4)","","ELDRICGYGTARCRKKCRSQEYRIGRCPNTYACCLRK","","Synthetic","Gram+    Gram-    Fungus    Mammalian Cell","Lipid Bilayer"
"491","Monomer","Cathelicidin-4, Indolicidin","","ILPWKWPWWPWRR","AMD","Ribosomal","Gram+    Gram-    Virus    Parasite    Cancer    Fungus    Mammalian Cell","Lipid Bilayer    Virus Integrase    Virus replication"
"496","Monomer","Dhvar2","","KRLFKELLFSLRKY","","Synthetic","Fungus    Mammalian Cell","Lipid Bilayer"
"497","Monomer","Dhvar3","","KRLFKKLKFSLRKY","","Synthetic","Fungus    Mammalian Cell","Lipid Bilayer"
"498","Monomer","dhvar5","","LLLFLLKKRKKRKY","","Synthetic","Gram+    Gram-    Fungus    Mammalian Cell","Lipid Bilayer"
"512","Monomer","RW, Com4","ACT","RRWWRF","AMD","Synthetic","Gram+    Gram-    Cancer    Fungus    Mammalian Cell","Lipid Bilayer"
"535","Monomer","M-zodatoxin-Lt1a, Latarcin-1, Ltc-1","","SMWSGMWRRKLKKLRNALKKKLKGE","","Ribosomal","Gram+    Gram-    Insect    Cancer    Fungus    Mammalian Cell","Lipid Bilayer    Virus Protease    Virus replication    Virus entry"
"558","Monomer","Histatin 5 (4-15), P-113","","AKRHHGYKRKFH","","Synthetic","Gram+    Fungus    Mammalian Cell","Lipid Bilayer"
"563","Monomer","LFcin 17-30","","FKCRRWQWRMKKLG","","Synthetic","Gram+    Gram-    Fungus    Mammalian Cell","Lipid Bilayer"
"564","Monomer","Drosocin, Drosocin-1","","GKPRPYSPRPTSHPRPIRV","","Ribosomal","Gram+    Gram-    Virus    Parasite    Cancer    Fungus    Mammalian Cell","Cytoplasmic Protein    Lipid Bilayer    Virus replication"
"672","Monomer","Protegrin 1, PG-1, Neutrophil peptide 1","","RGGRLCYCRRRFCVCVGR","AMD","Ribosomal","Gram-    Cancer    Fungus    Mammalian Cell    Biofilm","Lipid Bilayer"
"716","Monomer","Puroindoline-A (34-46)","","FPVTWRWWKWWKG","AMD","Synthetic","Gram+    Gram-    Cancer    Fungus    Mammalian Cell","Lipid Bilayer    DNA / RNA"
"726","Monomer","Dhvar1","","KRLFKELKFSLRKY","","Synthetic","Fungus    Mammalian Cell","Lipid Bilayer"
"727","Monomer","Negative control peptide dcysSA, Cystatin-SA (1-14)","","WSPQEEDRIIEGGI","","Synthetic","Fungus    Mammalian Cell","Lipid Bilayer"
"732","Monomer","Histatin 5 (4-15) AMD, P-113","","AKRHHGYKRKFH","AMD","Synthetic","Gram+    Fungus    Mammalian Cell","Lipid Bilayer    DNA / RNA"
"734","Monomer","Kalata-B1 ","","GLPVCGETCVGGTCNTPGCTCSWPVCTRN","","Ribosomal","Gram+    Gram-    Virus    Cancer    Fungus    Mammalian Cell    Nematode","Lipid Bilayer"
"742","Monomer","Histatin 5 (4-15)[H4F][H5F][H12F]","","AKRFFGYKRKFF","AMD","Synthetic","Gram+    Gram-    Fungus    Mammalian Cell","Lipid Bilayer"
"755","Monomer","Circulin-A, CIRA","","GIPCGESCVWIPCISAALGCSCKNKVCYRN","","Ribosomal","Gram+    Gram-    Virus    Fungus    Mammalian Cell","Lipid Bilayer"
"756","Monomer","Cyclopsychotride-A, CPT","","SIPCGESCVFIPCTVTALLGCSCKSKVCYKN","","Ribosomal","Gram+    Gram-    Fungus    Mammalian Cell","Lipid Bilayer"
"757","Monomer","Circulin-B, CIRB","","GVIPCGESCVFIPCISTLLGCSCKNKVCYRN","","Ribosomal","Gram+    Gram-    Virus    Fungus    Mammalian Cell","Lipid Bilayer"
"758","Monomer","Moronecidin, Piscidin-2 ","","FFHHIFRGIVHVGKTIHKLVTG","AMD","Ribosomal","Gram+    Gram-    Virus    Fungus    Mammalian Cell    Protista","Lipid Bilayer"
"759","Monomer","Neutrophil defensin 1, HNP-1","","ACYCRIPACIAGERRYGTCIYQGRLWAFCC","","Ribosomal","Gram+    Gram-    Virus    Fungus    Mammalian Cell","Lipid Bilayer    Virus replication    Virus entry    Sgp"
"763","Monomer","MSI-78, Pexiganan","","GIGKFLKKAKKFGKAFVKILKK","AMD","Synthetic","Gram+    Gram-    Cancer    Fungus    Mammalian Cell    Biofilm","Lipid Bilayer"
"764","Monomer","Human Cathelicidin, CAP-18, hCAP-18, LL-37","","LLGDFFRKSKEKIGKEFKRIVQRIKDFLRNLVPRTES","","Ribosomal","Gram+    Gram-    Virus    Cancer    Fungus    Mammalian Cell    Biofilm","Lipid Bilayer    Virus replication    Virus entry    Sgp"
"766","Monomer","LL-37 (7-37)","","RKSKEKIGKEFKRIVQRIKDFLRNLVPRTES","","Synthetic","Gram+    Gram-    Fungus    Mammalian Cell","Lipid Bilayer"
"806","Monomer","Melittin","","GIGAVLKVLTTGLPALISWIKRKRQQ","AMD","Ribosomal","Gram+    Gram-    Parasite    Cancer    Fungus    Mammalian Cell    Mollicute    Biofilm","Lipid Bilayer"
"823","Monomer","Theta defensin 1, RTD-1 ","","GFCRCLCRRGVCRCICTR","","Ribosomal","Gram+    Gram-    Virus    Fungus    Mammalian Cell","Membrane Protein    Lipid Bilayer    Virus entry    gp120"
"850","Monomer","Thanatin","","GSKKPVPIIYCNRRTGKCQRM","","Ribosomal","Gram+    Gram-    Cancer    Fungus    Mammalian Cell","Membrane Protein    Lipid Bilayer"
"872","Monomer","Buforin-2, Histone H2A","","TRSSRAGLQFPVGRVHRLLRK","","Ribosomal","Gram+    Gram-    Virus    Cancer    Fungus    Mammalian Cell    Biofilm","Lipid Bilayer    DNA / RNA    Virus replication"
"894","Monomer","50S ribosomal protein L1 HP(2-20) [Q16W][D18W]  ","","AKKVFKRLEKLFSKIWNWK","AMD","Synthetic","Gram+    Gram-    Fungus    Mammalian Cell","Lipid Bilayer"
"919","Monomer","Beta-defensin 103, Beta-Defensin 3, hBD-3","","GIINTLQKYYCRVRGGRCAVLSCLPKEEQIGKCSTRGRKCCRRKK","","Ribosomal","Gram+    Gram-    Cancer    Fungus    Mammalian Cell","Lipid Bilayer"
"948","Monomer","Pandinin-2, Pin2, Non-disulfide-bridged peptide 4.1, NDBP-4.1","","FWGALAKGALKLIPSLFSSFSKKD","","Ribosomal","Gram+    Gram-    Insect    Fungus    Mammalian Cell","Lipid Bilayer"
"964","Monomer","Parabutoporin, PP, Non-disulfide-bridged peptide 3.2, NDBP-3.2","","FKLGSFLKKAWKSKLAKKLRAKGKEMLKDYAKGLLEGGSEEVPGQ","","Ribosomal","Gram+    Gram-    Fungus    Mammalian Cell","Lipid Bilayer"
"966","Monomer","Opistoporin-1, OP1, Non-disulfide-bridged peptide 3.5, Opistoporin-3, OP3","","GKVWDWIKSTAKKLWNSEPVKELKNTALNAAKNLVAEKIGATPS","","Ribosomal","Gram+    Gram-    Fungus    Mammalian Cell","Lipid Bilayer"
"1003","Monomer","Pleurocidin","","GWGSFFKKAAHVGKHVGKAALTHYL","","Ribosomal","Gram+    Gram-    Cancer    Fungus    Mammalian Cell","Lipid Bilayer"
"1004","Monomer","Pleurocidin -AMD, NRC-04","","GWGSFFKKAAHVGKHVGKAALTHYL","AMD","Ribosomal","Gram+    Gram-    Cancer    Fungus    Mammalian Cell    Biofilm","Lipid Bilayer    DNA / RNA"
"1023","Monomer","Esculentin (1-21)	","","GIFSKLAGKKIKNLLISGLKG","AMD","Synthetic","Gram+    Gram-    Cancer    Fungus    Mammalian Cell    Biofilm","Lipid Bilayer    DNA / RNA"
"1026","Monomer","Temporin-1Tl, Temporin-L","","FVQWFSKFLGRIL","AMD","Ribosomal","Gram+    Gram-    Virus    Parasite    Cancer    Fungus    Mammalian Cell","Lipid Bilayer"
"1052","Monomer","P-Lactoferricin (20-30)[Q21,23;N25Del; K28I,V29R], LF11-322","","PFWRIRIRR","AMD","Synthetic","Gram+    Gram-    Fungus    Mammalian Cell    Biofilm","Lipid Bilayer"
"1073","Monomer","Cathelin-related peptide SC5, Antibacterial peptide SMAP-29, Myeloid antibacterial peptide MAP-29","","RGLRRLGRKIAHGVKKYGPTVLRIIRIAG","","Ribosomal","Gram+    Gram-    Fungus    Mammalian Cell","Lipid Bilayer"
"1121","Monomer","Beta-defensin 4A, Beta-defensin 2, BD-2, hBD-2, SAP1","","GIGDPVTCLKSGAICHPVFCPRRYKQIGTCGLPGTKCCKKP","","Ribosomal","Gram+    Gram-    Virus    Fungus    Mammalian Cell","Lipid Bilayer    Virus replication"
"1164","Monomer","KSL","","KKVVFKVKFK","AMD","Synthetic","Gram+    Gram-    Fungus    Mammalian Cell","Lipid Bilayer"
"1241","Monomer","Protonectin, Agelaia-chemotactic peptide, Agelaia-CP","","ILGTILGLLKGL","AMD","Ribosomal","Gram+    Gram-    Cancer    Fungus    Mammalian Cell","Lipid Bilayer"
"1319","Monomer","ASABF, ASABF-alpha","","AVDFSSCARMDVPGLSKVAQGLCISSCKFQNCGTGHCEKRGGRPTCVCDRCGRGGGEWPSVPMPKGRSSRG","","Ribosomal","Gram+    Gram-    Fungus    Mammalian Cell","Lipid Bilayer"
"1339","Monomer","Spinigerin","","HVDKKVADKVLLLKQLRIMRLLTRL","","Ribosomal","Gram+    Gram-    Virus    Fungus    Mammalian Cell","Lipid Bilayer    Virus replication"
"1361","Monomer","Lactoferricin-B, Lfcin-B","","FKCRRWQWRMKKLGAPSITCVRRAF","","Ribosomal","Gram+    Gram-    Fungus    Biofilm","Lipid Bilayer"
"1380","Monomer","Basic peptide AMP2,Ib-AMP2","","XYGRRCCNWGPGRRYCKRWC","","Ribosomal","Fungus    Mammalian Cell","Lipid Bilayer"
"1388","Monomer","Basic peptide AMP4,Ib-AMP4","","XWGRRCCGWGPGRRYCRRWC","","Ribosomal","Gram+    Gram-    Fungus    Mammalian Cell","Lipid Bilayer"
"1409","Monomer","Pleurocidin-like peptide AP3 (23-45), NRC-13","","GWRTLLKKAEVKTVGKLALKHYL","AMD","Synthetic","Gram+    Gram-    Cancer    Fungus    Mammalian Cell","Lipid Bilayer"
"1434","Monomer","Pleurocidin-like peptide GC3.8 (23-41), NRC-16","","GWKKWLRKGAKHLGQAAIK","AMD","Synthetic","Gram+    Gram-    Cancer    Fungus    Mammalian Cell    Biofilm","Lipid Bilayer"
"1485","Monomer","SMAP28, SMAP-29, Cathelin-related peptide SC5","","RGLRRLGRKIAHGVKKYGPTVLRIIRIA","AMD","Ribosomal","Gram+    Gram-    Cancer    Fungus    Mammalian Cell","Lipid Bilayer"
"1640","Monomer","Mastoparan-M, Mast cell-degranulating peptide, Mastoparan-like peptide 12c","","INLKAIAALAKKLL","AMD","Ribosomal","Gram+    Gram-    Fungus    Mammalian Cell","Lipid Bilayer"
"1687","Monomer","Human Defensin-5, HD5","","ATCYCRTGRCATRESLSGVCEISGRLYRLCCR","","Ribosomal","Gram+    Gram-    Virus    Cancer    Fungus    Mammalian Cell","Lipid Bilayer    DNA / RNA    Virus entry    gD"
"1737","Monomer","Cathelicidin-BF","","KFFRKLKKSVKKRAKEFFKKPRVIGVSIPF","","Ribosomal","Gram+    Gram-    Cancer    Fungus    Mammalian Cell","Lipid Bilayer"
"1775","Monomer","Cathelicidin antimicrobial peptide, Antibacterial protein LL-37, pobRL-37","","RLGNFFRKAKKKIGRGLKKIGQKIKDFLGNLVPRTES","","Ribosomal","Gram+    Gram-    Fungus    Mammalian Cell","Lipid Bilayer"
"1776","Monomer","Cathelicidin antimicrobial peptide, Antibacterial protein LL-37, cjaRL-37","","RLGDILQKAREKIEGGLKKLVQKIKDFFGKFAPRTES","","Ribosomal","Gram+    Gram-    Fungus    Mammalian Cell","Lipid Bilayer"
"1777","Monomer","Cathelicidin antimicrobial peptide, Antibacterial protein LL-37, ppyLL-37 ","","LLGDFFRKAREKIGEEFKRIVQRIKDFLRNLVPRTES","","Ribosomal","Gram+    Gram-    Fungus    Mammalian Cell","Lipid Bilayer"
"1778","Monomer","Cathelicidin antimicrobial peptide, Antibacterial protein LL-37, mmuRL-37","","RLGNFFRKVKEKIGGGLKKVGQKIKDFLGNLVPRTAS","","Ribosomal","Gram+    Gram-    Fungus    Mammalian Cell","Lipid Bilayer"
"1894","Monomer","Antimicrobial peptide NK-lysin","","GYFCESCRKIIQKLEDMVGPQPNEDTVTQAASQVCDKLKILRGLCKKIMRSFLRRISWDILTGKKPQAICVDIKICKE","","Ribosomal","Gram+    Gram-    Cancer    Fungus    Mammalian Cell","Lipid Bilayer"
"1935","Monomer","Defensin-like protein 1 / Rs-AFP1","","XKLCERPSGTWSGVCGNNNACKNQCINLEKARHGSCNYVFPAHKCICYFPC","","Ribosomal","Gram+    Gram-    Fungus    Mammalian Cell","Lipid Bilayer"
"1955","Monomer","Flower-specific defensin / NaD1","","RECKTESNTFPGICITKPPCRKACISEKFTDGHCSKILRRCLCTKPC","","Ribosomal","Gram+    Gram-    Cancer    Fungus    Mammalian Cell","Lipid Bilayer"
"1968","Monomer","Antimicrobial protein Ace-AMP1","","QNICPRVNRIVTPCVAYGLGRAPIAPCCRALNDLRFVNTRNLRRAACRCLVGVVNRNPGLRRNPRFQNIPRDCRNTFVRPFWWRPRIQCGRIN","","Ribosomal","Gram+    Gram-    Fungus","Lipid Bilayer"
"2002","Monomer","Clavanin A","","VFQFLGKIIHHVGNFVHGFSHVF","AMD","Ribosomal","Gram+    Gram-    Parasite    Cancer    Fungus    Mammalian Cell","Lipid Bilayer"
"2003","Monomer","Clavanin A acid","","VFQFLGKIIHHVGNFVHGFSHVF","","Ribosomal","Gram+    Gram-    Fungus    Mammalian Cell","Lipid Bilayer"
"2025","Monomer","Arenicin-1","","RWCVYAYVRVRGVLVRYRRCW","","Ribosomal","Gram+    Gram-    Cancer    Fungus    Mammalian Cell","Lipid Bilayer"
"2049","Monomer","Antimicrobial peptide des Gly1 NK-lysin","","YFCESCRKIIQKLEDMVGPQPNEDTVTQAASQVCDKLKILRGLCKKIMRSFLRRISWDILTGKKPQAICVDIKICKE","","Ribosomal","Gram+    Gram-    Fungus    Mammalian Cell","Lipid Bilayer"
"2121","Monomer","Microcin J25","","GGAGHVPEYFVGIGTPISFYG","","Ribosomal","Gram+    Gram-    Cancer    Fungus    Mammalian Cell","Cytoplasmic Protein    Lipid Bilayer"
"2157","Monomer","Putative antimicrobial peptide A Pacific variant, Ci-PAP-A22","","ALRSAVRTVARVGRAVLPHVAI","AMD","Ribosomal","Gram+    Gram-    Fungus    Mammalian Cell","Lipid Bilayer"
"2204","Monomer","Temporin-SHa, Temporin-1Sa","","FLSGIVGMLGKLF","AMD","Ribosomal","Gram+    Gram-    Virus    Parasite    Cancer    Fungus    Mammalian Cell","Lipid Bilayer    Virus replication"
"2229","Monomer","Tachyplesin-1","","KWCFRVCYRGICYRRCR","AMD","Ribosomal","Gram+    Gram-    Parasite    Cancer    Fungus    Mammalian Cell","Lipid Bilayer"
"2241","Monomer","KSL3","","KVVFKVKFKKK","AMD","Synthetic","Gram+    Fungus    Mammalian Cell","Lipid Bilayer"
"2243","Monomer","KSL2","","KKKVVFKVKFK","AMD","Synthetic","Gram+    Fungus","Lipid Bilayer"
"2244","Monomer","KSL4","","KKVVFKVKFKK","AMD","Synthetic","Gram+    Gram-    Fungus    Mammalian Cell","Lipid Bilayer"
"2247","Monomer","KSL7","","KKKVVFKVKFKKK","AMD","Synthetic","Gram+    Fungus","Lipid Bilayer"
"2261","Monomer","Tachyplesin-1","","KWCFRVCYRGICYRRCR","","Ribosomal","Gram+    Gram-    Parasite    Cancer    Fungus    Mammalian Cell","Lipid Bilayer"
"2364","Monomer","Clavanin-B","","VFQFLGRIIHHVGNFVHGFSHVF","","Ribosomal","Gram+    Gram-    Virus    Fungus    Mammalian Cell","Lipid Bilayer    Virus replication"
"2370","Monomer","Piscidin 1, Moronecidin","","FFHHIFRGIVHVGKTIHRLVTG","AMD","Ribosomal","Gram+    Gram-    Virus    Cancer    Fungus    Mammalian Cell","Lipid Bilayer"
"2447","Monomer","Tenecin-1 (17-27) [H7K,F10W]","","DAACAAKCLWR","AMD","Synthetic","Gram+    Gram-    Fungus","Lipid Bilayer"
"2448","Monomer","Tenecin-1 (17-27) [D1K,F10W]","","KAACAAHCLWR","AMD","Synthetic","Gram+    Gram-    Fungus    Mammalian Cell","Lipid Bilayer"
"2449","Monomer","Tenecin-1 (17-27) [D1K,H7K,F10W]","","KAACAAKCLWR","AMD","Synthetic","Gram+    Gram-    Fungus","Lipid Bilayer"
"2573","Monomer","Piscidin-3","","FIHHIFRGIVHAGRSIGRFLTG","AMD","Ribosomal","Gram+    Gram-    Cancer    Fungus    Mammalian Cell","Lipid Bilayer    DNA / RNA"
"2611","Monomer","W-OmDefB [C11,19,21Del;R1S,T12K,K20N]","","WSGIRGYKGGYKGLFKQTNY","AMD","Synthetic","Gram+    Gram-    Fungus    Mammalian Cell","Lipid Bilayer"
"2679","Monomer","SCL-d peptide 17","ACT","RRWWCV","AMD","Synthetic","Gram+    Gram-    Fungus    Mammalian Cell","Lipid Bilayer"
"2765","Multimer","Dimer-Halocidin subunit A","","WLNALLHHGLNCAKGVLA    WLNALLHHGLNCAKGVLA","AMD    AMD","Ribosomal","Gram+    Gram-    Fungus    Mammalian Cell","Lipid Bilayer"
"2812","Monomer","D1 (K13), D V681 [v13k]","ACT","kwksflktfksakktvlhtalkaiss","AMD","Synthetic","Gram+    Gram-    Fungus    Mammalian Cell","Lipid Bilayer"
"3089","Monomer","Tat (47-58) peptide","","YGRKKRRQRRRD","","Synthetic","Fungus    Mammalian Cell","Lipid Bilayer    DNA / RNA"
"3114","Monomer","Plectasin","","GFGCNGPWDEDDMQCHNHCKSIKGYKGGYCAKGGFVCKCY","","Ribosomal","Gram+    Gram-    Fungus    Mammalian Cell","Lipid Bilayer    Lipid II"
"3116","Monomer","Anoplin","","GLLKRIKTLL","AMD","Ribosomal","Gram+    Gram-    Cancer    Fungus    Mammalian Cell    Biofilm","Lipid Bilayer"
"3173","Monomer","Chrysophsin-1","","FFGWLIKGAIHAGKAIHGLIHRRRH","AMD","Ribosomal","Gram+    Gram-    Fungus    Mammalian Cell","Lipid Bilayer"
"3232","Monomer","Temporin-SHf","","FFFLSRIF","AMD","Ribosomal","Gram+    Gram-    Parasite    Cancer    Fungus    Mammalian Cell","Lipid Bilayer"
"3329","Monomer","Mastoparan B","","LKLKSIVSWAKKVL","AMD","Ribosomal","Gram+    Gram-    Fungus    Mammalian Cell","Lipid Bilayer"
"3343","Monomer","Mastoparan-L","","INLKALAALAKKIL","AMD","Ribosomal","Gram+    Gram-    Cancer    Fungus    Mammalian Cell","Lipid Bilayer"
"3353","Monomer","Peptide Hp1090, Um5","","IFKAIWSGIKSLF","AMD","Ribosomal","Gram+    Gram-    Virus    Cancer    Fungus    Mammalian Cell","Lipid Bilayer"
"3355","Monomer","Pseudin-2","","GLNALKKVFQGIHEAIKLINNHVQ","AMD","Ribosomal","Gram+    Gram-    Fungus    Mammalian Cell","Lipid Bilayer    DNA / RNA"
"3389","Monomer","Myxinidin","","GIHDILKYGKPS","","Ribosomal","Gram+    Gram-    Fungus    Mammalian Cell","Lipid Bilayer"
"3763","Monomer","Abaecin-like protein, PP30","","YVPPVQKPHPNGPKFPTFP","","Ribosomal","Gram+    Gram-    Fungus    Mammalian Cell","Lipid Bilayer"
"3792","Monomer","Arenicin-2","","RWCVYAYVRIRGVLVRYRRCW","","Ribosomal","Gram+    Gram-    Cancer    Fungus    Mammalian Cell","Lipid Bilayer"
"3892","Monomer","Hylin-a1","","IFGAILPLALGALKNLIK","AMD","Ribosomal","Gram+    Gram-    Fungus    Mammalian Cell","Lipid Bilayer"
"3940","Monomer","Pelteobagrin","","GKLNLFLSRLEILKLFVGAL","","Ribosomal","Gram+    Gram-    Fungus    Mammalian Cell","Lipid Bilayer"
"4172","Monomer","Cathelicidin WAM1","","KRGFGKKLRKRLKKFRNSIKKRLKNFNVVIPIPLPG","","Ribosomal","Gram+    Gram-    Cancer    Fungus","Lipid Bilayer"
"4180","Monomer","PP13, Pteromalus puparum 13","","GAARKSIRLHRLYTWKATIYTR","","Synthetic","Gram+    Gram-    Fungus    Mammalian Cell","Lipid Bilayer"
"4182","Monomer","PP113, Pteromalus puparum 113","","GKWGWIYITILFADVGGFKSSRHPEERRVQERRFKRITRGPD","","Synthetic","Gram+    Gram-    Fungus    Mammalian Cell","Lipid Bilayer"
"4193","Monomer","Clavaspirin","","FLRFIGSVIHGIGHLVHHIGVAL","AMD","Ribosomal","Gram+    Gram-    Fungus    Mammalian Cell","Lipid Bilayer"
"4294","Monomer","Lycosin-I","","RKGWFKAMKSIAKFIAKEKLKEHL","","Ribosomal","Gram+    Gram-    Cancer    Fungus    Mammalian Cell","Lipid Bilayer"
"4306","Monomer","Cathelicidin-3.4, ChBac3.4","","RFRLPFRRPPIRIHPPPFYPPFRRFL","AMD","Ribosomal","Gram+    Gram-    Cancer    Fungus    Mammalian Cell    Biofilm","Lipid Bilayer"
"4321","Monomer","Crotamine","","YKQCHKKGGHCFPKEKICLPPSSDFGKMDCRWRWKCCKKGSG","","Ribosomal","Gram+    Gram-    Parasite    Cancer    Fungus    Mammalian Cell","Lipid Bilayer"
"4456","Monomer","Vasoactive intestinal peptide, VIP","","HSDAVFTDNYTRLRKQMAVKKYLNSILN","AMD","Ribosomal","Gram+    Gram-    Fungus    Mammalian Cell","Lipid Bilayer"
"4476","Monomer","Antimicrobial peptide 1","","VGECVRGRCPSGMCCSQFGYCGKGPKYCG","","Ribosomal","Gram+    Gram-    Fungus    Mammalian Cell","Lipid Bilayer"
"4477","Monomer","Cathelicidin CATH3, Cc-CATH3","","RVRRFWPLVPVAINTVAAGINLYKAIRRK","","Ribosomal","Gram+    Gram-    Cancer    Fungus    Mammalian Cell    Protista","Lipid Bilayer"
"4478","Monomer","Cathelicidin CATH2, Cc-CATH2","","LVQRGRFGRFLKKVRRFIPKVIIAAQIGSRFG","","Ribosomal","Gram+    Gram-    Cancer    Fungus    Mammalian Cell    Protista","Lipid Bilayer"
"4493","Monomer","(KW)2","","KWKW","AMD","Synthetic","Gram+    Gram-    Fungus    Mammalian Cell","Lipid Bilayer"
"4494","Monomer","(KW)3","","KWKWKW","AMD","Synthetic","Gram+    Gram-    Fungus    Mammalian Cell","Lipid Bilayer"
"4495","Monomer","(KW)4","","KWKWKWKW","AMD","Synthetic","Gram+    Gram-    Fungus    Mammalian Cell    Biofilm","Lipid Bilayer    DNA / RNA"
"4496","Monomer","(KW)5","","KWKWKWKWKW","AMD","Synthetic","Gram+    Gram-    Fungus    Mammalian Cell","Lipid Bilayer"
"4536","Monomer","Cathelicidin-PY","","RKCNFLCKLKEKLRTVITSHIDKVLRPQG","","Ribosomal","Gram+    Gram-    Fungus    Mammalian Cell","Lipid Bilayer"
"4548","Monomer","Gomesin c(1-18)[Gln1]","","QCRRLCYKQRCVTYCRGR","","Synthetic","Gram+    Gram-    Fungus    Mammalian Cell","Lipid Bilayer"
"4549","Monomer","Gomesin [Cys(Acm)2,15]","","XXRRLCYKQRCVTYXRGR","AMD","Synthetic","Gram+    Gram-    Fungus    Mammalian Cell","Lipid Bilayer"
"4550","Monomer","Gomesin c(1-18)[Gln1,Cys(Acm)2,15]","","QXRRLCYKQRCVTYXRGR","","Synthetic","Gram+    Gram-    Fungus    Mammalian Cell","Lipid Bilayer"
"4551","Monomer","Gomesin [Thr2,6,11,15,D-Pro9]","","XTRRLTYKpRTVTYTRGR","AMD","Synthetic","Gram+    Gram-    Fungus    Mammalian Cell","Lipid Bilayer"
"4552","Monomer","Gomesin c(1-18)[Gln1,Thr2,6,11,15,D-Pro9]","","QTRRLTYKpRTVTYTRGR","","Synthetic","Gram+    Gram-    Fungus    Mammalian Cell","Lipid Bilayer"
"4570","Monomer","Beta-defensin 1, PBD-1","","KNIGNSVSCLRNKGVCMPGKCAPKMKQIGTCGMPQVKCCKRK","","Ribosomal","Gram+    Gram-    Fungus    Mammalian Cell","Lipid Bilayer"
"4652","Monomer","Chrysophsin-1","","FFGWLIKGAIHAGKAIHGLIHRRRH","","Ribosomal","Gram+    Gram-    Fungus    Mammalian Cell    Biofilm","Lipid Bilayer"
"4675","Monomer","Protegrin 1, PG-1, Neutrophil peptide 1","","RGGRLCYCRRRFCVCVGR","","Ribosomal","Gram+    Gram-    Fungus    Mammalian Cell    Biofilm","Lipid Bilayer"
"4756","Monomer","Protegrin-3","","RGGGLCYCRRRFCVCVGR","AMD","Ribosomal","Gram+    Gram-    Cancer    Fungus    Mammalian Cell","Lipid Bilayer"
"4901","Monomer","Tachyplesin ccTP","","KWCFCVCYRGICYCRCRG","","Synthetic","Gram+    Gram-    Fungus    Mammalian Cell","Lipid Bilayer"
"4902","Monomer","Tachyplesin ccTP [13R]","","KWCFCVCYRGICRCRCRG","","Synthetic","Gram+    Gram-    Fungus    Mammalian Cell","Lipid Bilayer"
"4903","Monomer","Tachyplesin ccTP [4,8R]","","KWCRCVCRRGICYCRCRG","","Synthetic","Gram+    Gram-    Fungus    Mammalian Cell","Lipid Bilayer"
"4904","Monomer","Tachyplesin ccTP [4,8,13R]","","KWCRCVCRRGICRCRCRG","","Synthetic","Gram+    Gram-    Fungus    Mammalian Cell","Lipid Bilayer"
"4905","Monomer","Tachyplesin ccTP [4,8,13R, 18K]","","KWCRCVCRRGICRCRCRK","","Synthetic","Gram+    Gram-    Fungus    Mammalian Cell","Lipid Bilayer"
"4950","Monomer","Tenecin-1 (17-27)ox [D1K,H7K,F10W]","","KAACAAKCLWR","AMD","Synthetic","Gram+    Gram-    Fungus    Mammalian Cell","Lipid Bilayer"
"4956","Monomer","HP(4-20) 50S ribosomal protein L1","","KVFKRLEKLFSKIQNDK","","Synthetic","Gram+    Gram-    Fungus    Mammalian Cell","Lipid Bilayer"
"4957","Monomer","HP(6-20) 50S ribosomal protein L1","","FKRLEKLFSKIQNDK","","Synthetic","Gram+    Gram-    Fungus    Mammalian Cell","Lipid Bilayer"
"4958","Monomer","HP(8-20) 50S ribosomal protein L1","","RLEKLFSKIQNDK","","Synthetic","Gram+    Gram-    Fungus    Mammalian Cell","Lipid Bilayer"
"4959","Monomer","HP(2-18) 50S ribosomal protein L1","","AKKVFKRLEKLFSKIQN","","Synthetic","Gram+    Gram-    Fungus    Mammalian Cell","Lipid Bilayer"
"4960","Monomer","HP(2-16) 50S ribosomal protein L1","","AKKVFKRLEKLFSKI","","Synthetic","Gram+    Gram-    Fungus    Mammalian Cell","Lipid Bilayer"
"4961","Monomer","HP(2-14) 50S ribosomal protein L1","","AKKVFKRLEKLFS","","Synthetic","Gram+    Gram-    Fungus    Mammalian Cell","Lipid Bilayer"
"4962","Monomer","HP(4-16) 50S ribosomal protein L1","","KVFKRLEKLFSKI","","Synthetic","Gram+    Gram-    Fungus    Mammalian Cell","Lipid Bilayer"
"4963","Monomer","HP(4-14) 50S ribosomal protein L1","","KVFKRLEKLFS","","Synthetic","Gram+    Gram-    Fungus    Mammalian Cell","Lipid Bilayer"
"4964","Monomer","HP(6-13) 50S ribosomal protein L1","","FKRLEKLF","","Synthetic","Gram+    Gram-    Fungus    Mammalian Cell","Lipid Bilayer"
"4965","Monomer","HP(2-20) [A1W,Q17W,D19W] 50S ribosomal protein L1","","WKKVFKRLEKLFSKIWNWK","","Synthetic","Gram+    Gram-    Fungus    Mammalian Cell","Lipid Bilayer"
"4966","Monomer","HP(6-20) [Q17W,D19W] 50S ribosomal protein L1","","FKRLEKLFSKIWNWK","","Synthetic","Gram+    Gram-    Fungus    Mammalian Cell","Lipid Bilayer"
"4967","Monomer","HP(6-20) [E10K,Q17W,D19W] 50S ribosomal protein L1","","FKRLKKLFSKIWNWK","","Synthetic","Gram+    Gram-    Fungus    Mammalian Cell","Lipid Bilayer"
"4968","Monomer","HP(6-20) [S14K,Q17W,D19W] 50S ribosomal protein L1","","FKRLEKLFKKIWNWK","","Synthetic","Gram+    Gram-    Fungus    Mammalian Cell","Lipid Bilayer"
"4969","Monomer","HP(6-20) [E10K,S14K,Q17W,D19W] 50S ribosomal protein L1, HPA3NT3","","FKRLKKLFKKIWNWK","","Synthetic","Gram+    Gram-    Fungus    Mammalian Cell","Lipid Bilayer"
"4970","Monomer","HP(2-16) [E10R,S14K] 50S ribosomal protein L1","","AKKVFKRLRKLFKKI","","Synthetic","Gram+    Gram-    Fungus    Mammalian Cell","Lipid Bilayer"
"5161","Monomer","Beta-defensin 1, TBD-1","","YDLSKNCRLRGGICYIGKCPRRFFRSGSCSRGNVCCLRFG","","Ribosomal","Gram+    Gram-    Fungus    Mammalian Cell","Lipid Bilayer"
"5208","Monomer","CA-MA analogue P5","","KWKKLLKKPLLKKLLKKL","AMD","Synthetic","Gram+    Gram-    Fungus    Mammalian Cell","Lipid Bilayer"
"5229","Monomer","SMAP-29 [P19A]","","RGLRRLGRKIAHGVKKYGATVLRIIRIA","AMD","Synthetic","Gram+    Gram-    Fungus    Mammalian Cell","Lipid Bilayer"
"5230","Monomer","SMAP-29 (1-17)","","RGLRRLGRKIAHGVKKY","AMD","Synthetic","Gram+    Gram-    Fungus    Mammalian Cell","Lipid Bilayer"
"5231","Monomer","SMAP-29(1-17) [G2K,G7K,G13K]","","RKLRRLKRKIAHKVKKY","AMD","Synthetic","Gram+    Gram-    Fungus    Mammalian Cell","Lipid Bilayer"
"5243","Monomer","Bactenecin-7 (1-35), Bac-7 (1-35)","","RRIRPRPPRLPRPRPRPLPFPRPGPRPIPRPLPFP","","Synthetic","Gram+    Gram-    Cancer    Fungus    Mammalian Cell","Cytoplasmic Protein    Lipid Bilayer"
"5321","Monomer","HBD-1 (16-36) [C27,35Del], Phd-1","","ACPIFTKIQGTYRGKAKCK","","Synthetic","Gram+    Gram-    Fungus    Mammalian Cell","Lipid Bilayer"
"5325","Monomer","HBD-3 (22-45) [C33,41Del], Phd-3","","SCLPKEEQIGKSTRGRKCRRKK","","Synthetic","Gram+    Gram-    Fungus    Mammalian Cell","Lipid Bilayer"
"5349","Monomer","Cecropin-B, Cecropin XJ","","RWKIFKKIEKMGRNIRDGIVKAGPAIEVLGSAKAI","AMD","Ribosomal","Gram+    Gram-    Cancer    Fungus    Mammalian Cell","Lipid Bilayer"
"5397","Monomer","NA-CATH (1-11), ATRA-1","","KRFKKFFKKLK","AMD","Synthetic","Gram+    Gram-    Fungus    Mammalian Cell","Lipid Bilayer"
"5403","Monomer","Corticostatin-4, Antiadrenocorticotropin peptide IV, NP-2","","VVCACRRALCLPLERRAGFCRIRGRIHPLCCRR","","Ribosomal","Fungus    Mammalian Cell","Lipid Bilayer"
"5467","Monomer","Thanatin [T15S]","","GSKKPVPIIYCNRRSGKCQRM","","Synthetic","Gram+    Gram-    Fungus    Mammalian Cell","Membrane Protein    Lipid Bilayer"
"5517","Monomer","Pn-AMP1","","XQCGRQASGRLCGNRLCCSQWGYCGSTASYCGAGCQSQCRS","","Ribosomal","Gram+    Gram-    Fungus    Mammalian Cell","Lipid Bilayer"
"5518","Monomer","Pn-AMP2","","XQCGRQASGRLCGNRLCCSQWGYCGSTASYCGAGCQSQCR","","Ribosomal","Gram+    Gram-    Fungus    Mammalian Cell","Lipid Bilayer"
"5566","Monomer","HP(6-20) [E10K,S14K,Q17W,D19W], HPA3NT3","","FKRLKKLFKKIWNWK","AMD","Synthetic","Gram+    Gram-    Fungus    Mammalian Cell","Lipid Bilayer"
"5567","Monomer","HP(6-20) [F6K,E10K,F13A,S14K,Q17W,N18K,D19W], HPA3NT3 [F1,8A;N13K]","","AKRLKKLAKKIWKWK","AMD","Synthetic","Gram+    Gram-    Fungus    Mammalian Cell","Lipid Bilayer    DNA / RNA"
"5585","Monomer","","","RLYRRLYR","AMD","Synthetic","Gram+    Gram-    Fungus    Mammalian Cell","Lipid Bilayer"
"5586","Monomer","","","RLYRRLYRRLYRRLYR","AMD","Synthetic","Gram+    Gram-    Fungus    Mammalian Cell","Lipid Bilayer"
"5593","Monomer","","","RLYRRLYRRLYRRLYRRLYRRLYRRLYRRLYR","AMD","Synthetic","Gram+    Gram-    Fungus    Mammalian Cell","Lipid Bilayer"
"5623","Monomer","Piscidin-4, Oreochromicin 2","","FIHHIIGGLFSAGKAIHRLIRRRRR","","Ribosomal","Gram+    Gram-    Parasite    Fungus    Mammalian Cell","Lipid Bilayer"
"5779","Monomer","PE1","3-OH-C7","XIXfLXvLT","","Nonribosomal","Gram+    Gram-    Fungus    Mammalian Cell","Lipid Bilayer"
"5887","Monomer","Feleucin-BO1 [G3K,G6K,S7K], Feleucin-K3","","FLKLLKKLL","AMD","Synthetic","Gram+    Gram-    Fungus    Mammalian Cell    Biofilm","Lipid Bilayer"
"6542","Monomer","MUC7 12-mer","","RKSYKCLHKRCR","","Synthetic","Gram+    Fungus    Mammalian Cell","Lipid Bilayer"
"6780","Monomer","Hytramycin V","","XxLvXx","","Nonribosomal","Gram+    Gram-    Fungus    Mammalian Cell","Lipid Bilayer"
"6781","Monomer","Hytramycin I","","XxLxXx","","Nonribosomal","Gram+    Gram-    Fungus    Mammalian Cell","Lipid Bilayer"
"6830","Monomer","LL-37 KR-12-a5","","KRIVKLILKWLR","AMD","Synthetic","Gram+    Gram-    Cancer    Fungus    Mammalian Cell    Biofilm","Lipid Bilayer"
"6868","Monomer","KP","","AKVTMTCSAS","","Synthetic","Gram-    Virus    Fungus    Mammalian Cell","Lipid Bilayer    Virus replication"
"6886","Monomer","PMAP-36 (1-20)","","GRFRRLRKKTRKRLKKIGKV","AMD","Synthetic","Gram+    Gram-    Fungus    Mammalian Cell","Lipid Bilayer"
"7044","Monomer","HBD-2 (19-39) [C30,38Del], Phd-2","","FCPRRYKQIGTGLPGTKCK","","Synthetic","Gram+    Gram-    Fungus    Mammalian Cell","Lipid Bilayer"
"7112","Monomer","RK1, D5-COOH","","RWKRWWRRKK","","Synthetic","Gram+    Gram-    Fungus    Mammalian Cell","Lipid Bilayer"
"7125","Monomer","GNU5","","RVVRPVVQVVKQKVR","","Synthetic","Gram+    Gram-    Fungus    Mammalian Cell","Lipid Bilayer"
"7126","Monomer","GNU6","","RIIRPIIQIIKQKIR","","Synthetic","Gram+    Gram-    Fungus    Mammalian Cell","Lipid Bilayer"
"7127","Monomer","GNU7","","RLLRPLLQLLKQKLR","","Synthetic","Gram+    Gram-    Fungus    Mammalian Cell","Lipid Bilayer"
"7384","Monomer","Calcitermin","","VAIALKAAHYHTHKE","","Ribosomal","Gram+    Gram-    Fungus    Mammalian Cell","Lipid Bilayer"
"7551","Monomer","HP(2-20)","","AKKVFKRLEKLFSKIQNDK","","Synthetic","Gram+    Gram-    Fungus    Mammalian Cell","Lipid Bilayer"
"7552","Monomer","HP(2-20) [D18W]","","AKKVFKRLEKLFSKIQNWK","","Synthetic","Gram+    Gram-    Fungus    Mammalian Cell","Lipid Bilayer"
"7553","Monomer","HP(2-20) [Q16W]","","AKKVFKRLEKLFSKIWNDK","","Synthetic","Gram+    Gram-    Fungus    Mammalian Cell","Lipid Bilayer"
"7554","Monomer","HP(2-20) [Q16W][D18W] ","","AKKVFKRLEKLFSKIWNWK","","Synthetic","Gram+    Gram-    Fungus    Mammalian Cell","Lipid Bilayer"
"7555","Monomer","HP(2-20) [L11S]","","AKKVFKRLEKSFSKIQNDK","","Synthetic","Gram+    Gram-    Fungus    Mammalian Cell","Lipid Bilayer"
"7556","Monomer","HP(2-20) [F5S]","","AKKVSKRLEKLFSKIQNDK","","Synthetic","Gram+    Gram-    Fungus    Mammalian Cell","Lipid Bilayer"
"7987","Monomer","Cathelicidin antimicrobial peptide hmdSL-37","","SLGNFFRKARKKIGEEFKRIVQRIKDFLQHLIPRTEA","","Ribosomal","Gram+    Gram-    Fungus    Mammalian Cell","Lipid Bilayer"
"8157","Monomer","Hc-CATH","","KFFKRLLKSVRRAVKKFRKKPRLIGLSTLL","","Ribosomal","Gram+    Gram-    Cancer    Fungus    Mammalian Cell","Lipid Bilayer"
"8170","Monomer","Defensin-like peptide 4, DLP4, Hill-Def2a","","ATCDLLSPFKVGHAACAAHCIARGKRGGWCDKRAVCNCRK","","Ribosomal","Gram+    Gram-    Cancer    Fungus    Mammalian Cell","Lipid Bilayer    DNA / RNA"
"8282","Monomer","Human Beta-defensin 1, HBD-1","","DHYNCVSSGGQCLYSACPIFTKIQGTCYRGKAKCCK","","Ribosomal","Gram+    Gram-    Virus    Fungus    Mammalian Cell","Lipid Bilayer"
"8283","Monomer","HBD-1 (16-33) [C27Del] - Theta-defensin (1-9)[C2Del], hBTD-1","","ACPIFTKIQGTYRGKAKRIGRRIC","","Synthetic","Gram+    Gram-    Fungus    Mammalian Cell","Lipid Bilayer"
"8775","Monomer","Cathelicidin-BF-15 [F4,7W;L11W,F8R,R9W,L11W,S14W]","","VKRWKKWRWKWKKWV","AMD","Synthetic","Gram+    Gram-    Fungus    Mammalian Cell","Lipid Bilayer"
"8796","Monomer","Histatin 5","","DSHAKRHHGYKRKFHEKHHSHRGY","AMD","Ribosomal","Fungus    Mammalian Cell","Lipid Bilayer"
"8834","Monomer","Halocidin subunit A (1-9)+Histatin 5 (10-15), HHP1","","WLNALLHHGYKRKFH","AMD","Synthetic","Fungus    Mammalian Cell","Lipid Bilayer"
"8845","Multimer","di-PH2","","AKRHHGLNCAKFH    AKRHHGLNCAKFH","AMD    AMD","Synthetic","Fungus    Mammalian Cell","Lipid Bilayer"
"8846","Multimer","di-WP2","","WLNAKRHHGYKCKFH    WLNAKRHHGYKCKFH","AMD    AMD","Synthetic","Fungus    Mammalian Cell","Lipid Bilayer"
"9236","Monomer","D6-COOH, RK2","","RKKRWWRRKK","","Synthetic","Gram+    Gram-    Fungus    Mammalian Cell","Lipid Bilayer"
"9242","Monomer","D5-NH2","","RWKRWWRRKK","AMD","Synthetic","Gram+    Gram-    Fungus    Mammalian Cell","Lipid Bilayer"
"9470","Monomer","MSI-843","C8","XXLLXXLXXL","AMD","Synthetic","Gram+    Gram-    Fungus    Mammalian Cell","Lipid Bilayer"
"9488","Monomer","Temporin-SHf [S5R]","","FFFLRRIF","AMD","Synthetic","Gram+    Gram-    Cancer    Fungus    Mammalian Cell","Lipid Bilayer"
"9513","Monomer","Temporin-SHf [F1TERT BU PHE]","","XFFLSRIF","AMD","Synthetic","Gram+    Gram-    Cancer    Fungus    Mammalian Cell","Lipid Bilayer"
"9516","Monomer","Temporin-SHf [F2TERT BU PHE; S5R]","","FXFLRRIF","AMD","Synthetic","Gram+    Gram-    Cancer    Fungus    Mammalian Cell","Lipid Bilayer"
"9597","Monomer","Panusin","","SYVGDCGSNGGSCVSSYCPYGNRLNYFCPLGRTCCRRSY","AMD","Ribosomal","Gram+    Gram-    Fungus    Mammalian Cell","Lipid Bilayer"
"9818","Monomer","TetraF2W-KR","","WWWLKRIW","","Synthetic","Gram+    Gram-    Cancer    Fungus    Mammalian Cell","Lipid Bilayer"
"9819","Monomer","TetraF2W-RK","","WWWLRKIW","","Synthetic","Gram+    Gram-    Cancer    Fungus    Mammalian Cell","Lipid Bilayer"
"9820","Monomer","TetraF2W-KK","","WWWLKKIW","","Synthetic","Gram+    Gram-    Cancer    Fungus    Mammalian Cell","Lipid Bilayer"
"9821","Monomer","TetraF2W-RR","","WWWLRRIW","","Synthetic","Gram+    Gram-    Cancer    Fungus    Mammalian Cell    Biofilm","Lipid Bilayer"
"9824","Monomer","C14-R3","C14","RRR","AMD","Synthetic","Gram+    Gram-    Fungus    Mammalian Cell    Biofilm","Lipid Bilayer"
"9847","Monomer","Cathelicidin-RC1","","KKCKFFCKVKKKIKSIGFQIPIVSIPFK","","Ribosomal","Gram+    Gram-    Cancer    Fungus    Mammalian Cell","Lipid Bilayer"
"9849","Monomer","Ecumicin","(CH3)2","VVXTXVXVXXVXV","","Nonribosomal","Gram+    Gram-    Fungus    Mammalian Cell","Cytoplasmic Protein    Lipid Bilayer"
"9873","Monomer","Leucocin A (18-35)[E3R;N14,17R]","","WGRAFSAGVHRLARGGRG","AMD","Synthetic","Gram+    Gram-    Cancer    Fungus    Mammalian Cell","Lipid Bilayer"
"9874","Monomer","Leucocin A (18-35)[E3R;A7R;H10R;N14,17R]","","WGRAFSRGVRRLARGGRG","AMD","Synthetic","Gram+    Gram-    Cancer    Fungus    Mammalian Cell","Lipid Bilayer"
"9875","Monomer","Leucocin A (18-35)[E3R;S6R;A7R;H10R;N14,17R;G18R]","","WGRAFRRGVRRLARGGRR","AMD","Synthetic","Gram+    Gram-    Cancer    Fungus    Mammalian Cell","Lipid Bilayer"
"9876","Monomer","Leucocin A (18-35)[E3R;S6R;A7R;G8,16L;H10R;N14,17R;G18R]","","WGRAFRRLVRRLARGLRR","AMD","Synthetic","Gram+    Gram-    Cancer    Fungus    Mammalian Cell","Lipid Bilayer"
"9877","Monomer","Leucocin A (18-35)[G2,8,16L;E3R;S6R;A7R;H10R;N14,17R;G18R]","","WLRAFRRLVRRLARGLRR","AMD","Synthetic","Gram+    Gram-    Cancer    Fungus    Mammalian Cell","Lipid Bilayer"
"9878","Monomer","Leucocin A (18-35)[G2,8,15,16L;E3R;S6R;A7R;H10R;N14,17R;G18R]","","WLRAFRRLVRRLARLLRR","AMD","Synthetic","Gram+    Gram-    Cancer    Fungus    Mammalian Cell","Lipid Bilayer"
"9970","Monomer","Moronecidin-like peptide NC","","FFWHHIGHALDAAKRVHGMLSG","AMD","Ribosomal","Gram+    Gram-    Fungus    Mammalian Cell","Lipid Bilayer"
"9971","Monomer","Moronecidin-like peptide PC","","FFGHLFRGIINVGKHIHGLLSG","AMD","Ribosomal","Gram+    Gram-    Fungus    Mammalian Cell","Lipid Bilayer"
"9993","Monomer","Ac-MreB(1–9)","ACT","MLKKFRGMF","AMD","Synthetic","Gram+    Gram-    Fungus    Mammalian Cell","Lipid Bilayer"
"10017","Monomer","MreB(1–9)","","MLKKFRGMF","AMD","Synthetic","Gram+    Gram-    Fungus    Mammalian Cell","Lipid Bilayer"
"10018","Monomer","W-MreB(1–9)","","WMLKKFRGMF","AMD","Synthetic","Gram+    Gram-    Fungus    Mammalian Cell","Lipid Bilayer"
"10019","Monomer","Ac-W-MreB(1–9)","ACT","WMLKKFRGMF","AMD","Synthetic","Gram+    Gram-    Fungus    Mammalian Cell","Lipid Bilayer"
"10284","Monomer","FR-15","","FRRFFKWFRRFFKFF","AMD","Synthetic","Gram+    Gram-    Cancer    Fungus    Mammalian Cell","Lipid Bilayer"
"10285","Monomer","FR-15 [F4P]","","FRRPFKWFRRFFKFF","AMD","Synthetic","Gram+    Gram-    Cancer    Fungus    Mammalian Cell","Lipid Bilayer"
"10286","Monomer","FR-15 [F8P]","","FRRFFKWPRRFFKFF","AMD","Synthetic","Gram+    Gram-    Cancer    Fungus    Mammalian Cell","Lipid Bilayer"
"10287","Monomer","FR-15 [F11P]","","FRRFFKWFRRPFKFF","AMD","Synthetic","Gram+    Gram-    Cancer    Fungus    Mammalian Cell","Lipid Bilayer"
"10288","Monomer","FR-15 [F4,8P]","","FRRPFKWPRRFFKFF","AMD","Synthetic","Gram+    Gram-    Cancer    Fungus    Mammalian Cell","Lipid Bilayer"
"10289","Monomer","FR-15 [F8,11P]","","FRRFFKWPRRPFKFF","AMD","Synthetic","Gram+    Gram-    Cancer    Fungus    Mammalian Cell","Lipid Bilayer"
"10356","Monomer","EA-CATH1, EA Cathelicidin 1","","KRRGSVTTRYQFLMIHLLRPKKLFA","","Ribosomal","Gram+    Gram-    Fungus    Mammalian Cell    Protista","Lipid Bilayer"
"10361","Monomer","","C16","KKKK","AMD","Synthetic","Gram+    Gram-    Cancer    Fungus    Mammalian Cell","Lipid Bilayer"
"10485","Monomer","Chrysophsin-1 [G8P]","","FFGWLIKPAIHAGKAIHGLIHRRRH","","Synthetic","Gram+    Gram-    Fungus    Mammalian Cell","Lipid Bilayer"
"10486","Monomer","Chrysophsin-1 [G13P]","","FFGWLIKGAIHAPKAIHGLIHRRRH","","Synthetic","Gram+    Gram-    Fungus    Mammalian Cell","Lipid Bilayer"
"10487","Monomer","Chrysophsin-1 [G18P]","","FFGWLIKGAIHAGKAIHPLIHRRRH","","Synthetic","Gram+    Gram-    Fungus    Mammalian Cell","Lipid Bilayer"
"10488","Monomer","Chrysophsin-1 [G13,18P]","","FFGWLIKGAIHAPKAIHPLIHRRRH","","Synthetic","Gram+    Gram-    Fungus    Mammalian Cell","Lipid Bilayer"
"10640","Monomer","Antibacterial peptide PMAP-36","","GRFRRLRKKTRKRLKKIGKVLKWIPPIVGSIPLGCG","AMD","Ribosomal","Gram+    Gram-    Fungus    Mammalian Cell","Lipid Bilayer"
"10906","Monomer","Temporin-PE","","FLPIVAKLLSGLL","AMD","Ribosomal","Gram+    Gram-    Cancer    Fungus    Mammalian Cell","Lipid Bilayer"
"11044","Monomer","Cytotoxin 1 (5-25)[A6L,C10I,G13I,C17F,M20I], Naja Cardiotoxin Peptide NCP-2","","KLIPILSKTIPAIKNLFYKI","","Synthetic","Gram+    Gram-    Fungus    Mammalian Cell","Lipid Bilayer"
"11045","Monomer","Cytotoxin 1 (5-25)[P4W,A6L,C10I,G13I,C17F,M20I], Naja Cardiotoxin Peptide NCP-3","","KLIWILSKTIPAIKNLFYKI","","Synthetic","Gram+    Gram-    Virus    Fungus    Mammalian Cell","Lipid Bilayer    DNA / RNA"
"11184","Monomer","Cathelicidin-like peptide Tur1A","","RRIRFRPPYLPRPGRRPRFPPPFPIPRIPRIP","","Synthetic","Gram+    Gram-    Cancer    Fungus    Mammalian Cell","Cytoplasmic Protein"
"11188","Monomer","Cathelicidin-like peptide Tur1B","","RRIPFWPPNWPGPWLPPWSPPDFRIPRILRKR","","Synthetic","Gram+    Gram-    Cancer    Fungus    Mammalian Cell","Lipid Bilayer"
"11298","Monomer","HBD4 (1-18)[C6,13,17Del][R4,11,12r], L1R","","ELDrIGYGTArrKKR","","Synthetic","Gram+    Gram-    Fungus    Mammalian Cell","Lipid Bilayer"
"11299","Monomer","Myr-HBD4 (1-18)[C6,13,17Del], ML1","C14","ELDRIGYGTARRKKR","","Synthetic","Gram+    Gram-    Fungus    Mammalian Cell","Lipid Bilayer"
"11300","Monomer","Myr-HBD4 (1-18)[C6,13,17Del][R4,11,12r], ML1R","C14","ELDrIGYGTArrKKR","","Synthetic","Gram+    Gram-    Fungus    Mammalian Cell","Lipid Bilayer"
"11331","Monomer","Y2","","RGRKYYRRKK","","Synthetic","Gram-    Fungus    Mammalian Cell","Lipid Bilayer"
"11385","Monomer","Cyclic Protegrin 1, Cyclic PG-1","","RGGRLCYCRRRFCVCVGR","","Synthetic","Gram+    Gram-    Virus    Fungus    Mammalian Cell","Lipid Bilayer    Virus entry"
"11386","Monomer","Cyclic Protegrin 1 [R4C,G17C], Cyclic PG-1 [R4C,G17C]","","RGGCLCYCRRRFCVCVCR","","Synthetic","Gram+    Gram-    Virus    Fungus    Mammalian Cell","Lipid Bilayer    Virus entry"
"11387","Monomer","Protegrin 1 [C6,15Acm-Cys], PG-1 [C6,15Acm-Cys]","","RGGRLXYCRRRFCVXVGR","AMD","Synthetic","Gram+    Gram-    Fungus    Mammalian Cell","Lipid Bilayer"
"11388","Monomer","Cyclic Protegrin 1 [C6,15Acm-Cys], Cyclic PG-1 [C6,15Acm-Cys]","","RGGRLXYCRRRFCVXVGR","","Synthetic","Gram+    Gram-    Fungus    Mammalian Cell","Lipid Bilayer"
"11389","Monomer","Cyclic Protegrin 1 [C8,13Et-Cys], Cyclic PG-1 [C8,13Et-Cys]","","RGGRLCYXRRRFXVCVGR","","Synthetic","Gram+    Gram-    Fungus    Mammalian Cell","Lipid Bilayer"
"11390","Monomer","Cyclic Protegrin 1 [C6,15Acm-Cys][R4C,G17C], Cyclic PG-1 [C6,15Acm-Cys][R4C,G17C]","","RGGCLXYCRRRFCVXVCR","","Synthetic","Gram+    Gram-    Fungus    Mammalian Cell","Lipid Bilayer"
"11391","Monomer","Cyclic Protegrin 1 [C6,8,13,15Et-Cys], Cyclic PG-1 [C6,8,13,15Et-Cys]","","RGGRLXYXRRRFXVCXGR","","Synthetic","Gram+    Gram-    Fungus    Mammalian Cell","Lipid Bilayer"
"11468","Monomer","Mastoparan-C, MP-C","","LNLKALLAVAKKIL","AMD","Ribosomal","Gram+    Gram-    Cancer    Fungus    Mammalian Cell","Lipid Bilayer"
"11525","Monomer","Moronecidin-like peptide","","FFRNLWKGAKAAFRAGHAAWRA","","Ribosomal","Gram+    Gram-    Fungus    Mammalian Cell","Lipid Bilayer"
"11540","Monomer","Triintsin, Trichophyton Defensin","","GFGCPLNERECHSHCQSIGRKFGYCGGTLRLTCICGKE","","Ribosomal","Gram+    Gram-    Fungus    Mammalian Cell","Lipid Bilayer"
"11548","Monomer","","","LKWLKKL","AMD","Synthetic","Gram+    Gram-    Fungus    Mammalian Cell","Lipid Bilayer"
"11549","Monomer","","","LRWLRRL","AMD","Synthetic","Gram+    Gram-    Fungus    Mammalian Cell","Lipid Bilayer"
"11964","Monomer","C-terminus of Katsuwonus pelamis hemoglobin beta, SHbetaAP-NH2","","TQQAFQKFLAAVTSALGKQYH","AMD","Synthetic","Gram+    Gram-    Fungus    Mammalian Cell","Lipid Bilayer"
"12129","Monomer","Alloferon-1","","HGVSGHGQHGVHG","","Ribosomal","Gram+    Gram-    Virus    Cancer    Fungus    Mammalian Cell","Lipid Bilayer    Virus replication"
"12130","Monomer","Alloferon-2","","GVSGHGQHGVHG","","Ribosomal","Virus    Cancer    Fungus    Mammalian Cell","Lipid Bilayer    Virus replication"
"12180","Monomer","KK14","","KKFFRAWWAPRFLK","AMD","Synthetic","Cancer    Fungus    Mammalian Cell","Lipid Bilayer"
"12181","Monomer","KK14(Dip)","","KKFFRAWXAPRFLK","AMD","Synthetic","Cancer    Fungus    Mammalian Cell","Lipid Bilayer"
"12182","Monomer","kk14","","kkffrawwaprflk","AMD","Synthetic","Cancer    Fungus    Mammalian Cell","Lipid Bilayer"
"12183","Monomer","KK14(R)","","KKFFRAWWARRFLK","AMD","Synthetic","Cancer    Fungus    Mammalian Cell","Lipid Bilayer"
"12229","Monomer","Dicentracin-like peptide","","FLRSLLRGAKAIYRGARAGWRG","AMD","Ribosomal","Gram+    Gram-    Fungus    Mammalian Cell","Lipid Bilayer"
"12438","Monomer","Myticin C","","QSVACTSYYCSKFCGSAGCSLYGCYLLHPGKICYCLHCSR","","Ribosomal","Gram+    Gram-    Virus    Fungus","Lipid Bilayer    Virus replication"
"12593","Monomer","","","RLRLLLRLR","AMD","Synthetic","Gram+    Gram-    Cancer    Fungus    Mammalian Cell","Lipid Bilayer"
"12594","Monomer","","","LLRRLRRLL","AMD","Synthetic","Gram+    Gram-    Cancer    Fungus    Mammalian Cell","Lipid Bilayer"
"12595","Monomer","","","RFRFFFRFR","AMD","Synthetic","Gram+    Gram-    Cancer    Fungus    Mammalian Cell","Lipid Bilayer"
"12596","Monomer","","","FFRRFRRFF","AMD","Synthetic","Gram+    Gram-    Cancer    Fungus    Mammalian Cell","Lipid Bilayer"
"12597","Monomer","","","RIRIIIRIR","AMD","Synthetic","Gram+    Gram-    Cancer    Fungus    Mammalian Cell","Lipid Bilayer"
"12598","Monomer","","","IIRRIRRII","AMD","Synthetic","Gram+    Gram-    Cancer    Fungus    Mammalian Cell","Lipid Bilayer"
"12599","Monomer","W4","","RWRWWWRWR","AMD","Synthetic","Gram+    Gram-    Cancer    Fungus    Mammalian Cell","Lipid Bilayer"
"12600","Monomer","K5","","WWRRWRRWW","AMD","Synthetic","Gram+    Gram-    Cancer    Fungus    Mammalian Cell","Lipid Bilayer"
"12601","Monomer","","","RRLRLLLRLRR","AMD","Synthetic","Gram+    Gram-    Cancer    Fungus    Mammalian Cell","Lipid Bilayer"
"12602","Monomer","","","RLLRRLRRLLR","AMD","Synthetic","Gram+    Gram-    Cancer    Fungus    Mammalian Cell","Lipid Bilayer"
"12603","Monomer","","","RRFRFFFRFRR","AMD","Synthetic","Gram+    Gram-    Cancer    Fungus    Mammalian Cell","Lipid Bilayer"
"12604","Monomer","","","RFFRRFRRFFR","AMD","Synthetic","Gram+    Gram-    Cancer    Fungus    Mammalian Cell","Lipid Bilayer"
"12605","Monomer","","","RRIRIIIRIRR","AMD","Synthetic","Gram+    Gram-    Cancer    Fungus    Mammalian Cell","Lipid Bilayer"
"12606","Monomer","","","RIIRRIRRIIR","AMD","Synthetic","Gram+    Gram-    Cancer    Fungus    Mammalian Cell","Lipid Bilayer"
"12607","Monomer","","","RRWRWWWRWRR","AMD","Synthetic","Gram+    Gram-    Cancer    Fungus    Mammalian Cell","Lipid Bilayer"
"12608","Monomer","","","RWWRRWRRWWR","AMD","Synthetic","Gram+    Gram-    Cancer    Fungus    Mammalian Cell","Lipid Bilayer"
"12609","Monomer","Myotoxin II (105-117)[Y3,5,6W][P9A,C11A], PEM-2","","KKWRWWLKALAKK","","Synthetic","Gram+    Gram-    Fungus    Mammalian Cell","Lipid Bilayer"
"12612","Monomer","Myotoxin II (105-117)[Y3,6W][Y5K,P9W,C11A], PEM-2 [W5K,A9W]","","KKWRKWLKWLAKK","","Synthetic","Gram+    Gram-    Fungus    Mammalian Cell","Lipid Bilayer"
"12669","Monomer","Acipensin 1, Ac1","ACT","SGRGKTGGKARAKAKTRSSRAGLQFPVGRVHRLLRKGNYAQRVGAGAPVY","","Ribosomal","Gram+    Gram-    Cancer    Fungus    Mammalian Cell","Lipid Bilayer"
"12670","Monomer","Acipensin 2, Ac2","ACT","SGRGKTGGKARAKAKTRSSRAGLQFPVGRVHRLLR","","Ribosomal","Gram+    Gram-    Cancer    Fungus    Mammalian Cell","Lipid Bilayer"
"12671","Monomer","Acipensin 6, Ac6","","ILELAGNAARDNKKTRIIPRHLQL","","Ribosomal","Gram+    Gram-    Cancer    Fungus    Mammalian Cell","Lipid Bilayer"
"12673","Monomer","Tilapia piscidin 3, TP3","","FIHHIIGGLFSVGKHIHSLIHGH","","Ribosomal","Gram+    Gram-    Fungus    Mammalian Cell","Lipid Bilayer"
"12690","Monomer","SJGAP (Skipjack tuna GAPDH-related AMP)","","VKVGINGFGRIGRLVTRAAFHGKKVEIVAIND","","Ribosomal","Gram+    Gram-    Fungus    Mammalian Cell","Lipid Bilayer"
"12811","Monomer","Arenicin-3 [G1,12A; Y5N; Y17H], N2","","AFCWNVCVYRNAVRVCHRRCN","","Synthetic","Gram+    Gram-    Cancer    Fungus    Mammalian Cell","Lipid Bilayer    DNA / RNA"
"12830","Monomer","KK-Temporin B [G8K]","","KKLLPIVKNLLKSLL","","Synthetic","Gram+    Gram-    Fungus    Mammalian Cell","Lipid Bilayer"
"13027","Monomer","Kunitzin-RE","","AAKIILNPKFRCKAAFC","AMD","Ribosomal","Gram+    Gram-    Cancer    Fungus    Mammalian Cell","Lipid Bilayer"
"13028","Monomer","Kunitzin-RE (1-11)[K3,9R;N7R;P8W]","","AARIILRWRFR","AMD","Synthetic","Gram+    Gram-    Cancer    Fungus    Mammalian Cell","Lipid Bilayer"
"13029","Monomer","Kunitzin-RE (1-11)[K3,I4R,N7R,P8W,K9I]","","AARRILRWIFR","AMD","Synthetic","Gram+    Gram-    Cancer    Fungus    Mammalian Cell","Lipid Bilayer"
"13039","Monomer","Kunitzin-RE (1-11)[K3R,N7R,P8W,K9F]","","AARIILRWFRR","AMD","Synthetic","Gram+    Gram-    Cancer    Fungus    Mammalian Cell","Lipid Bilayer"
"13040","Monomer","Kunitzin-RE (1-11)[K3,9R;N7R;P8R]","","AARIILRRRFR","AMD","Synthetic","Gram+    Gram-    Cancer    Fungus    Mammalian Cell","Lipid Bilayer"
"13041","Monomer","Kunitzin-RE (1-11)[K3,9R;N7R;P8D]","","AARIILRDRFR","AMD","Synthetic","Gram+    Gram-    Cancer    Fungus    Mammalian Cell",""
"13065","Monomer","Kunitzin-RE (1-11) [K3,9R;N7R]","","AARIILRPRFR","AMD","Synthetic","Gram+    Gram-    Cancer    Fungus    Mammalian Cell","Lipid Bilayer"
"13066","Monomer","Kunitzin-RE (1-11) [K3,9R;N7R;P8I]","","AARIILRIRFR","AMD","Synthetic","Gram+    Gram-    Cancer    Fungus    Mammalian Cell","Lipid Bilayer"
"13067","Monomer","Kunitzin-RE (1-11) [K3,9R;N7R;P8G]","","AARIILRGRFR","AMD","Synthetic","Gram+    Gram-    Cancer    Fungus    Mammalian Cell","Lipid Bilayer"
"13068","Monomer","Kunitzin-RE (1-11) [K3,9R;N7R;P8N]","","AARIILRNRFR","AMD","Synthetic","Gram+    Gram-    Cancer    Fungus    Mammalian Cell","Lipid Bilayer"
"13069","Monomer","Kunitzin-RE (1-11) [K3,9R;N7R;P8T]","","AARIILRTRFR","AMD","Synthetic","Gram+    Gram-    Cancer    Fungus    Mammalian Cell","Lipid Bilayer"
"13070","Monomer","Kunitzin-RE (1-11) [K3,9R;N7R;P8Y]","","AARIILRYRFR","AMD","Synthetic","Gram+    Gram-    Cancer    Fungus    Mammalian Cell","Lipid Bilayer"
"13071","Monomer","Kunitzin-RE (1-11) [ K3,9R;N7R;P8A]","","AARIILRARFR","AMD","Synthetic","Gram+    Gram-    Cancer    Fungus    Mammalian Cell","Lipid Bilayer"
"13072","Monomer","Kunitzin-RE (1-11) [ K3,9R;N7R;P8F]","","AARIILRFRFR","AMD","Synthetic","Gram+    Gram-    Cancer    Fungus    Mammalian Cell","Lipid Bilayer"
"13073","Monomer","Kunitzin-RE (1-11) [K3,9R;N7R;P8L]","","AARIILRLRFR","AMD","Synthetic","Gram+    Gram-    Cancer    Fungus    Mammalian Cell","Lipid Bilayer"
"13146","Monomer","Cecropin-B [E27Q]","","RWKIFKKIEKMGRNIRDGIVKAGPAIQVLGSAKAI","AMD","Synthetic","Gram+    Gram-    Cancer    Fungus    Mammalian Cell","Lipid Bilayer"
"13150","Monomer","Flower-specific gamma-thionin, ZmD32","","RTCQSQSHRFRGPCLRRSNCANVCRTEGFPGGRCRGFRRRCFCTTHC","","Ribosomal","Gram+    Gram-    Cancer    Fungus    Mammalian Cell","Lipid Bilayer"
"13349","Monomer","Temporin-1OLa","","FLPFLKSILGKIL","AMD","Ribosomal","Gram+    Gram-    Cancer    Fungus    Mammalian Cell","Lipid Bilayer"
"14019","Monomer","2IH1","","IHHIHHH","AMD","Synthetic","Gram+    Gram-    Fungus    Mammalian Cell",""
"14022","Monomer","2IH2","","IHHIHHHIHHIHHH","AMD","Synthetic","Gram+    Gram-    Fungus    Mammalian Cell","Lipid Bilayer"
"14023","Monomer","2IH3","","IHHIHHHIHHIHHHIHHIHHH","AMD","Synthetic","Gram+    Gram-    Fungus    Mammalian Cell","Lipid Bilayer"
"14024","Monomer","2IH4","","IHHIHHHIHHIHHHIHHIHHHIHHIHHH","AMD","Synthetic","Gram+    Gram-    Fungus    Mammalian Cell","Lipid Bilayer"
"14025","Monomer","3IH1","","IHHIHHI","AMD","Synthetic","Gram+    Gram-    Fungus    Mammalian Cell",""
"14026","Monomer","3IH2","","IHHIHHIIHHIHHI","AMD","Synthetic","Gram+    Gram-    Fungus    Mammalian Cell","Lipid Bilayer"
"14027","Monomer","3IH3","","IHHIHHIIHHIHHIIHHIHHI","AMD","Synthetic","Gram+    Gram-    Fungus    Mammalian Cell","Lipid Bilayer    DNA / RNA"
"14028","Monomer","3IH4","","IHHIHHIIHHIHHIIHHIHHIIHHIHHI","AMD","Synthetic","Gram+    Gram-    Fungus    Mammalian Cell","Lipid Bilayer"
"14126","Monomer","(WK)2-Leucocin A (9-14)-(KW)2","","WKWKCTKSGCKWKW","AMD","Synthetic","Gram+    Gram-    Fungus    Mammalian Cell    Biofilm","Lipid Bilayer"
"14178","Monomer","GW4I","","GRWRWWWRWRI","AMD","Synthetic","Gram+    Gram-    Cancer    Fungus    Mammalian Cell","Lipid Bilayer"
"14183","Monomer","Temporin-1Sa [G4a]","","FLSaIVGMLGKLF","AMD","Synthetic","Gram+    Gram-    Cancer    Fungus    Mammalian Cell","Lipid Bilayer"
"14190","Monomer","GW4W","","GRWRWWWRWRW","AMD","Synthetic","Gram+    Gram-    Cancer    Fungus    Mammalian Cell","Lipid Bilayer"
"14198","Monomer","W4I","","RWRWWWRWRI","AMD","Synthetic","Gram+    Gram-    Cancer    Fungus    Mammalian Cell","Lipid Bilayer"
"14199","Monomer","W4W","","RWRWWWRWRW","AMD","Synthetic","Gram+    Gram-    Cancer    Fungus    Mammalian Cell","Lipid Bilayer"
"14207","Monomer","GW4F","","GRWRWWWRWRF","AMD","Synthetic","Gram+    Gram-    Cancer    Fungus    Mammalian Cell","Lipid Bilayer"
"14208","Monomer","GW4L","","GRWRWWWRWRL","AMD","Synthetic","Gram+    Gram-    Cancer    Fungus    Mammalian Cell","Lipid Bilayer"
"14209","Monomer","W4L","","RWRWWWRWRL","AMD","Synthetic","Gram+    Gram-    Cancer    Fungus    Mammalian Cell","Lipid Bilayer"
"14232","Monomer","GW4A","","GRWRWWWRWRA","AMD","Synthetic","Gram+    Gram-    Cancer    Fungus    Mammalian Cell","Lipid Bilayer"
"14235","Monomer","W4A","","RWRWWWRWRA","AMD","Synthetic","Gram+    Gram-    Cancer    Fungus    Mammalian Cell","Lipid Bilayer"
"14236","Monomer","GW4V","","GRWRWWWRWRV","AMD","Synthetic","Gram+    Gram-    Cancer    Fungus    Mammalian Cell","Lipid Bilayer"
"14237","Monomer","W4V","","RWRWWWRWRV","AMD","Synthetic","Gram+    Gram-    Cancer    Fungus    Mammalian Cell","Lipid Bilayer"
"14258","Monomer","W4F","","RWRWWWRWRF","AMD","Synthetic","Gram+    Gram-    Cancer    Fungus    Mammalian Cell","Lipid Bilayer"
"14968","Monomer","Cathelicidin ModoCath4","","SKTKRRSLLKRLGDGIRGFWNGFRGRK","","Ribosomal","Gram+    Gram-    Fungus    Mammalian Cell","Lipid Bilayer"
"14969","Monomer","Cathelicidin MaeuCath7","","KRGLWESLKRKVTKLGDDIRNTLRNFKIKFPVPRQG","","Ribosomal","Gram+    Gram-    Fungus    Mammalian Cell","Lipid Bilayer"
"14970","Monomer","Cathelicidin Taac-CATH1","","PIRTKRRWKLIKKGGKIVKDLLTKNNIIILPGGNE","","Ribosomal","Gram+    Gram-    Fungus    Mammalian Cell","Lipid Bilayer"
"15109","Monomer","AMP 21","","LRKVRRLLRRL","AMD","Synthetic","Gram+    Gram-    Cancer    Fungus    Mammalian Cell","Lipid Bilayer"
"15110","Monomer","AMP 22","","LRKVWRWLRRL","AMD","Synthetic","Gram+    Gram-    Cancer    Fungus    Mammalian Cell","Lipid Bilayer"
"15111","Monomer","AMP 23","","LRKFRRLLRRL","AMD","Synthetic","Gram+    Gram-    Cancer    Fungus    Mammalian Cell","Lipid Bilayer"
"15112","Monomer","AMP 24","","LRRLRRLLRRL","AMD","Synthetic","Gram+    Gram-    Cancer    Fungus    Mammalian Cell","Lipid Bilayer"
"15115","Monomer","Heparin cofactor 2 (192-219),KYE28","","KYEITTIHNLFRKLTHRLFRRNFGYTLR","","Synthetic","Gram+    Gram-    Fungus    Mammalian Cell","Lipid Bilayer"
"15177","Multimer","B4010","","RGRKVVRRKKK    RGRKVVRR    RGRKVVRRK    RGRKVVRR","","Synthetic","Fungus    Mammalian Cell","Lipid Bilayer"
"15518","Monomer","KP [A1K], K10S","","KKVTMTCSAS","","Synthetic","Virus    Fungus    Mammalian Cell","Lipid Bilayer    Virus replication"
"15609","Monomer","EtCec2-NH2","","GWLRDFGKRIERTGQNIRDATIQTIGIAQEAANVAATLK","AMD","Synthetic","Gram+    Gram-    Cancer    Fungus    Mammalian Cell","Lipid Bilayer"
"15871","Monomer","ARVA","","RRGWALRLVLAY","AMD","Synthetic","Gram+    Gram-    Fungus    Mammalian Cell","Lipid Bilayer"
"16054","Monomer","Profilin derived peptide PEP-IA18","","ITRYLDKILRILRKYLKA","","Synthetic","Fungus    Mammalian Cell    Biofilm","Lipid Bilayer"
"16174","Monomer","Temporin-L [Q3K]","","FVKWFSKFLGRIL","AMD","Synthetic","Gram+    Gram-    Fungus    Mammalian Cell","Lipid Bilayer"
"16175","Monomer","Temporin-L [Q3K, F8K]","","FVKWFSKKLGRIL","AMD","Synthetic","Gram+    Gram-    Fungus    Mammalian Cell","Cytoplasmic Protein"
"16176","Monomer","Temporin-L [Q3K, W4S, S6W, F8K]","","FVKSFWKKLGRIL","AMD","Synthetic","Gram+    Gram-    Fungus    Mammalian Cell","Cytoplasmic Protein"
"16332","Monomer","Cathelicidin antimicrobial peptide isoform X1, Del1","","RRIPFWPIPLRWQWPPPWFPPSFPIPRISRKR","","Synthetic","Gram+    Gram-    Cancer    Fungus    Mammalian Cell","Cytoplasmic Protein    Lipid Bilayer"
"16333","Monomer","Cathelicidin Neo1","","RRIRFPFPPFPWQWPPAGFPTFHIPRIPRKQ","","Synthetic","Gram+    Gram-    Cancer    Fungus    Mammalian Cell","Lipid Bilayer"
"16354","Monomer","Cathelicidin-like peptide Bal1","","RRIRFRPPRLPRPRPRPWIPPRFPFPRIPGKR","","Synthetic","Gram+    Gram-    Cancer    Fungus    Mammalian Cell","Cytoplasmic Protein"
"16355","Monomer","Cathelicidin-like peptide Lip1","","RRIRIRPPRLPRPRPRPWFPPRFPIPRIPGKR","","Synthetic","Gram+    Gram-    Cancer    Fungus    Mammalian Cell","Cytoplasmic Protein"
"16428","Monomer","CAR2","","LKKLCARLKKLCAR","AMD","Synthetic","Gram+    Gram-    Fungus    Mammalian Cell","Lipid Bilayer"
"16429","Monomer","CAR3","","LKKLCARLKKLCARLKKLCAR","AMD","Synthetic","Gram+    Gram-    Fungus    Mammalian Cell    Biofilm","Lipid Bilayer"
"16430","Monomer","CAR4","","LKKLCARLKKLCARLKKLCARLKKLCAR","AMD","Synthetic","Gram+    Gram-    Fungus    Mammalian Cell","Lipid Bilayer"
"16431","Monomer","ACR2","","LKKLACRLKKLACR","AMD","Synthetic","Gram+    Gram-    Fungus    Mammalian Cell","Lipid Bilayer"
"16432","Monomer","ACR3","","LKKLACRLKKLACRLKKLACR","AMD","Synthetic","Gram+    Gram-    Fungus    Mammalian Cell","Lipid Bilayer"
"16433","Monomer","ACR4","","LKKLACRLKKLACRLKKLACRLKKLACR","AMD","Synthetic","Gram+    Gram-    Fungus    Mammalian Cell","Lipid Bilayer"
"16462","Monomer","Brevinin-1OS","","FLPGILKVAANVVPGVICAITKKC","","Ribosomal","Gram+    Gram-    Fungus    Mammalian Cell","Lipid Bilayer"
"16466","Monomer","Brevinin-1OS (1-11)[P3K, G4W, I5A, N11K]","","FLKWALKVAAK","AMD","Synthetic","Gram+    Gram-    Fungus    Mammalian Cell","Lipid Bilayer"
"16467","Monomer","Brevinin-1OS (1-11)[P3K, G4W, I5A, V8W, N11K]","","FLKWALKWAAK","AMD","Synthetic","Gram+    Gram-    Fungus    Mammalian Cell","Lipid Bilayer"
"16468","Monomer","Brevinin-1OS (1-3, 3-11)[P4K, G5W, I6A, V9W, N12K]","","FLPKWALKWAAK","AMD","Synthetic","Gram+    Gram-    Fungus    Mammalian Cell","Lipid Bilayer"
"16980","Monomer","Puroindoline-A (34-46)","","FPVTWRWWKWWKG","","Synthetic","Gram+    Gram-    Cancer    Fungus    Mammalian Cell","Lipid Bilayer    DNA / RNA"
"16981","Monomer","Puroindoline-A (34-46)-K-Puroindoline-A (34-46)","","FPVTWRWWKWWKGKFPVTWRWWKWWKG","","Synthetic","Gram+    Gram-    Cancer    Fungus    Mammalian Cell","Lipid Bilayer    DNA / RNA"
"16982","Monomer","Puroindoline-A (34-46)","","FPVTWRWWKWWKG","","Synthetic","Gram+    Gram-    Cancer    Fungus    Mammalian Cell","Lipid Bilayer    DNA / RNA"
"16986","Monomer","Puroindoline-A (39-44)","","RWWKWW","AMD","Synthetic","Gram+    Gram-    Cancer    Fungus    Mammalian Cell","Lipid Bilayer"
"16987","Monomer","Puroindoline-A (39-45)","","RWWKWWK","AMD","Synthetic","Gram+    Gram-    Cancer    Fungus    Mammalian Cell","Lipid Bilayer"
"17116","Multimer","D2-R4","","RLYR    RLYRK","AMD","Synthetic","Gram+    Gram-    Fungus    Mammalian Cell","Lipid Bilayer"
"17237","Monomer","Capitellacin","","SPRVCIRVCRNGVCYRRCWG","","Ribosomal","Gram+    Gram-    Fungus    Mammalian Cell","Lipid Bilayer"
"17310","Monomer","Arenicin-3 [C3,20A;Y5N;Y17H], N6","","GFAWNVCVYRNGVRVCHRRAN","AMD","Synthetic","Gram+    Gram-    Cancer    Fungus    Mammalian Cell    Biofilm","Lipid Bilayer"
"17311","Monomer","Arenicin-3 [C3,20a;Y5n;Y17h], D-N6","","GfawnvcvyrnGvrvchrran","AMD","Synthetic","Gram+    Gram-    Cancer    Fungus    Mammalian Cell    Biofilm","Lipid Bilayer"
"17312","Monomer","Arenicin-3 [C3,20A;Y5N;Y17H;R19P], N6 [R19P]","","GFAWNVCVYRNGVRVCHRPAN","AMD","Synthetic","Gram+    Gram-    Cancer    Fungus    Mammalian Cell    Biofilm","Lipid Bilayer"
"17313","Monomer","Arenicin-3 [G1,12V;C3,20A;Y5N;Y17H], N6 [G1,12V]","","VFAWNVCVYRNVVRVCHRRAN","AMD","Synthetic","Gram+    Gram-    Cancer    Fungus    Mammalian Cell","Lipid Bilayer"
"17314","Monomer","O-Arenicin-3 [C3,20A;Y5N;Y17H], O-N6","4Me-GUAN","XGFAWNVCVYRNGVRVCHRRAN","AMD","Synthetic","Gram+    Gram-    Cancer    Fungus    Mammalian Cell    Biofilm","Lipid Bilayer"
"17315","Monomer","RY12WY","","RRWYRRWYRRWY","AMD","Synthetic","Gram+    Gram-    Fungus    Mammalian Cell","Membrane Protein    Cytoplasmic Protein    Lipid Bilayer    DNA / RNA"
"17348","Monomer","Antifungal protein PAFB","","KFGGECSLKHNTCTYLKGGKNHVVNCGSAANKKCKSDRHHCEYDEHHKRVDCQTPV","","Ribosomal","Gram+    Gram-    Virus    Fungus    Mammalian Cell","Lipid Bilayer    Virus replication"
"17384","Monomer","Pseudin-2 [L5A,I12A]","","GLNAAKKVFQGAHEAIKLINNHVQ","AMD","Synthetic","Fungus    Mammalian Cell","Lipid Bilayer    DNA / RNA"
"17385","Monomer","Pseudin-2 [L2A,F9A]","","GANALKKVAQGIHEAIKLINNHVQ","AMD","Synthetic","Fungus    Mammalian Cell","Lipid Bilayer    DNA / RNA"
"17386","Monomer","Pseudin-2 [I12,19A]","","GLNALKKVFQGAHEAIKLANNHVQ","AMD","Synthetic","Fungus    Mammalian Cell","Lipid Bilayer    DNA / RNA"
"17387","Monomer","Pseudin-2 [F9A, I16A]","","GLNALKKVAQGIHEAAKLINNHVQ","AMD","Synthetic","Fungus    Mammalian Cell","Lipid Bilayer    DNA / RNA"
"17388","Monomer","Pseudin-2 [F9K, I12K]","","GLNALKKVKQGKHEAIKLINNHVQ","AMD","Synthetic","Fungus    Mammalian Cell","Lipid Bilayer"
"17410","Monomer","Defensin-like protein 1","","RICRRRSAGFKGPCVSNKNCAQVCMQEGWGGGNCDGPLRRCKCMRRC","","Ribosomal","Cancer    Fungus    Mammalian Cell","Lipid Bilayer"
"17424","Monomer","Pal-HRNR (2656–2677)","C16","GRHGSGLGHSSSHGQHGSGSGR","","Synthetic","Gram+    Gram-    Fungus    Mammalian Cell","Lipid Bilayer"
"17425","Monomer","Myr-HRNR (2656–2677)","C14","GRHGSGLGHSSSHGQHGSGSGR","","Synthetic","Gram+    Gram-    Fungus    Mammalian Cell","Lipid Bilayer"
"17434","Monomer","Pal-GK13","C16","GKKGGKGGKGKGK","","Synthetic","Gram+    Gram-    Fungus    Mammalian Cell","Lipid Bilayer"
"17435","Monomer","Pal-GOrn13","C16","GXXGGXGGXGXGX","","Synthetic","Gram+    Gram-    Fungus    Mammalian Cell","Lipid Bilayer"
"17438","Monomer","D-Pal-GR9","C16","GrrGGrGGr","","Synthetic","Gram+    Gram-    Fungus    Mammalian Cell","Lipid Bilayer"
"17441","Monomer","D-Pal-GR4","C16","GrGr","","Synthetic","Gram+    Gram-    Fungus    Mammalian Cell","Lipid Bilayer"
"17442","Monomer","Pal-GK4","C16","GKGK","","Synthetic","Gram+    Gram-    Fungus    Mammalian Cell","Lipid Bilayer"
"17443","Monomer","D-Pal-GK4","C16","GkGk","","Synthetic","Gram+    Gram-    Fungus    Mammalian Cell","Lipid Bilayer"
"17445","Monomer","D-Pal-GOrn4","C16","GxGx","","Synthetic","Gram+    Gram-    Fungus    Mammalian Cell","Lipid Bilayer"
"17458","Monomer","LCE-3C (55-75)  ","","SHHRHFRSHQCRRQRSNSCDR","","Synthetic","Gram+    Gram-    Fungus    Mammalian Cell","Lipid Bilayer"
"17459","Monomer","HRNR (1748-1778)","","SGHSSVFGQHESGSGHSSAYSQHGSGSGHFX","AMD","Synthetic","Gram+    Gram-    Fungus    Mammalian Cell","Lipid Bilayer"
"17460","Monomer","HRNR (2004-2029)","","GQHGSSSGHSSTHGQHGSASGQSSSX","AMD","Synthetic","Gram+    Gram-    Fungus    Mammalian Cell","Lipid Bilayer"
"17461","Monomer","LCE-2B (74-86)","","SHHRPRLFHRRRH","","Synthetic","Gram+    Gram-    Fungus    Mammalian Cell","Lipid Bilayer"
"17462","Monomer","HRNR (1389-1414)","","GRHGSGSGQSSGFGHHESSSWQSSGX","AMD","Synthetic","Gram+    Gram-    Fungus    Mammalian Cell","Lipid Bilayer"
"17500","Monomer","Mastoparan I [K4,5,11H], HMPI","","IDWHHLLDAAHQIL","AMD","Synthetic","Fungus    Mammalian Cell","Lipid Bilayer"
"17513","Monomer","Cecropin A-like 4 (3-18)[K2W,G5W,E9W,Q13W,H14N,T15W]","","LWKIWKKIWRVGWNWR","","Synthetic","Gram+    Gram-    Cancer    Fungus    Mammalian Cell","Lipid Bilayer"
"17519","Monomer","Cecropin A-like 4 (3-18)[K2W,E9W,G12L,Q13W,H14N,T15W]","","LWKIGKKIWRVLWNWR","","Synthetic","Gram+    Gram-    Insect    Cancer    Fungus    Mammalian Cell","Lipid Bilayer    DNA / RNA"
"17523","Monomer","Cecropin A-like 4 (3-18)[K2W;G5,12W;K6W;E9W;Q13K;H14N;T15W]","","LWKIWWKIWRVWKNWR","","Synthetic","Gram+    Gram-    Cancer    Fungus    Mammalian Cell","Lipid Bilayer"
"17624","Monomer","KP [A1H], H10S","","HKVTMTCSAS","","Synthetic","Fungus    Mammalian Cell","Lipid Bilayer"
"17629","Monomer","KP [A1L], L10S","","LKVTMTCSAS","","Synthetic","Fungus    Mammalian Cell","Lipid Bilayer"
"17630","Monomer","KP [A1P], P10S","","PKVTMTCSAS","","Synthetic","Fungus    Mammalian Cell","Lipid Bilayer"
"17631","Monomer","KP [A1S], S10S","","SKVTMTCSAS","","Synthetic","Fungus    Mammalian Cell","Lipid Bilayer"
"17632","Monomer","KP [A10Y], Y10S","","YKVTMTCSAS","","Synthetic","Fungus    Mammalian Cell","Lipid Bilayer"
"17633","Monomer","KP [A1del], K9S","","KVTMTCSAS","","Synthetic","Fungus    Mammalian Cell","Lipid Bilayer"
"17809","Monomer","Pseudofactin II, PFII","C16","GSTLLSLL","","Nonribosomal","Gram+    Gram-    Cancer    Fungus    Mammalian Cell","Lipid Bilayer"
"18207","Monomer","Brevicidine","4-Me-C6","nywxXGxWTIGS","","Nonribosomal","Gram+    Gram-    Cancer    Fungus    Mammalian Cell","Lipid Bilayer"
"18208","Monomer","Laterocidine","7-Me-C8","sywxXGxWTINGG","","Nonribosomal","Gram+    Gram-    Cancer    Fungus    Mammalian Cell","Lipid Bilayer"
"18462","Monomer","Temporin-1CSc [V5I,T6G,S10K], L163","","FLPLIGGLLKGLL","AMD","Synthetic","Gram+    Fungus    Mammalian Cell","Lipid Bilayer"
"18463","Monomer","Temporin-1CSc [V5I,T6G,S10K], L163","ACT","FLPLIGGLLKGLL","AMD","Synthetic","Gram+    Fungus    Mammalian Cell","Lipid Bilayer"
"18465","Monomer","L163 (S-S)","","FCLPLIGGLLKGLCL","AMD","Synthetic","Gram+    Fungus    Mammalian Cell","Lipid Bilayer"
"18734","Monomer","Checacin1","","FFGAIAKLAMKFLPAIYKQIQKKRK","AMD","Synthetic","Gram+    Gram-    Insect    Fungus    Mammalian Cell","Lipid Bilayer"
"18735","Monomer","Checacin1 (1-11)","","FFGAIAKLAMK","","Synthetic","Gram+    Gram-    Insect    Fungus    Mammalian Cell","Lipid Bilayer"
"18736","Monomer","Checacin1 (12-25)","","FLPAIYKQIQKKRK","AMD","Synthetic","Gram+    Gram-    Insect    Fungus    Mammalian Cell","Lipid Bilayer"
"18737","Monomer","Checacin1 (1-21)","","FFGAIAKLAMKFLPAIYKQIQ","","Synthetic","Gram+    Gram-    Insect    Fungus    Mammalian Cell","Lipid Bilayer"
"19220","Monomer","SAMP-A4","","VRLLRRRI","AMD","Synthetic","Gram+    Fungus    Mammalian Cell","Lipid Bilayer"
"19221","Monomer","SAMP-A4","ACT","VRLLRRRI","AMD","Ribosomal","Gram+    Fungus    Mammalian Cell","Lipid Bilayer"
"19222","Monomer","SAMP-A4","C4","VRLLRRRI","AMD","Synthetic","Gram+    Fungus    Mammalian Cell","Lipid Bilayer"
"19223","Monomer","SAMP-A4","C6","VRLLRRRI","AMD","Synthetic","Gram+    Fungus    Mammalian Cell","Lipid Bilayer"
"19224","Monomer","SAMP-A4","PEG 3","VRLLRRRI","AMD","Synthetic","Gram+    Fungus    Mammalian Cell","Lipid Bilayer"
"19243","Monomer","LL-14","","LKWLKKLLKWLKKL","AMD","Synthetic","Gram+    Gram-    Fungus    Mammalian Cell","Lipid Bilayer"
"19244","Monomer","VV-14","","VKWVKKVVKWVKKV","AMD","Synthetic","Gram+    Gram-    Fungus    Mammalian Cell","Lipid Bilayer"
"19245","Monomer","BetaABetaA-14","","LKWXKKXLKWXKKX","AMD","Synthetic","Gram+    Gram-    Fungus    Mammalian Cell","Lipid Bilayer"
"19601","Monomer","Cathelicidin PD-CATH","","ILGPALRIGGRIAGRIAGKLIGDAINRHRERNRQRRG","","Ribosomal","Gram+    Gram-    Fungus    Mammalian Cell","Lipid Bilayer"
"19777","Monomer","RQ18","","RALRKALKAWRKLAKKLQ","AMD","Synthetic","Gram+    Gram-    Cancer    Fungus    Mammalian Cell    Biofilm","Lipid Bilayer"
"19924","Monomer","Dermaseptin-SS1 [S5K,A14V]","","ALWKKILKNAGKAVLNEINQIVQ","AMD","Synthetic","Gram+    Gram-    Cancer    Fungus    Mammalian Cell","Lipid Bilayer"
"20158","Monomer","Palustrin-2LTb","","SLWENFKNAGKKFILNILDKIRCRVAGGCRT","","Ribosomal","Gram+    Gram-    Fungus    Mammalian Cell","Lipid Bilayer"
"20160","Monomer","Palustrin-2LTb (1-22)","","SLWENFKNAGKKFILNILDKIR","AMD","Synthetic","Gram+    Gram-    Fungus    Mammalian Cell","Lipid Bilayer"
"20232","Monomer","Clavanin C","","VFHLLGKIIHHVGNFVYGFSHVF","","Ribosomal","Gram+    Gram-    Fungus    Mammalian Cell","Lipid Bilayer"
"20233","Monomer","Clavanin D","","AFKLLGRIIHHVGNFVYGFSHVF","","Ribosomal","Gram+    Gram-    Fungus    Mammalian Cell","Lipid Bilayer"
"20234","Monomer","Clavanin E","","LFKLLGKIIHHVGNFVHGFSHVF","","Ribosomal","Gram+    Gram-    Fungus    Mammalian Cell","Lipid Bilayer"
"20250","Monomer","KIW-10","","KKIIKKIWKW","AMD","Synthetic","Gram+    Gram-    Fungus    Mammalian Cell","Lipid Bilayer"
"20252","Monomer","WIK-10","","WIKKIWKKIK","AMD","Synthetic","Gram+    Gram-    Fungus    Mammalian Cell","Lipid Bilayer    Mitochondrial membrane"
"20253","Monomer","RIW-10","","RRIIRRIWRW","AMD","Synthetic","Gram+    Gram-    Fungus    Mammalian Cell","Lipid Bilayer"
"20265","Monomer","WIR-10","","WIRRIWRRIR","AMD","Synthetic","Gram+    Gram-    Fungus    Mammalian Cell","Lipid Bilayer    Mitochondrial membrane"
"20266","Monomer","KIW-14","","KKIIKKIIKKIWKW","AMD","Synthetic","Gram+    Gram-    Fungus    Mammalian Cell","Lipid Bilayer"
"20268","Monomer","WIK-14","","WIKKIWKKIIKKIK","AMD","Synthetic","Gram+    Gram-    Fungus    Mammalian Cell","Lipid Bilayer    Mitochondrial membrane"
"20269","Monomer","WIKE-14","","WIKKIWKKIIKEIK","AMD","Synthetic","Gram+    Gram-    Fungus    Mammalian Cell","Lipid Bilayer"
"20492","Monomer","Leucocin A (1-18)","","KYYGNGVHCTKSGCSVNW","AMD","Synthetic","Gram+    Gram-    Cancer    Fungus    Mammalian Cell","Lipid Bilayer"
"20494","Monomer","(LK)2-Leucocin A (9-14)-(KL)2","","LKLKCTKSGCKLKL","AMD","Synthetic","Gram+    Gram-    Cancer    Fungus    Mammalian Cell","Lipid Bilayer"
"20495","Monomer","(LK)3-Leucocin A (9-14)-(KL)3","","LKLKLKCTKSGCKLKLKL","AMD","Synthetic","Gram+    Gram-    Cancer    Fungus    Mammalian Cell","Lipid Bilayer"
"20497","Monomer","(WK)3-Leucocin A (9-14)-(KW)3","","WKWKWKCTKSGCKWKWKW","AMD","Synthetic","Gram+    Gram-    Cancer    Fungus    Mammalian Cell","Lipid Bilayer"
"20500","Monomer","(VK)3-Leucocin A (9-14)-(KV)3","","VKVKVKCTKSGCKVKVKV","AMD","Synthetic","Gram+    Gram-    Cancer    Fungus    Mammalian Cell","Lipid Bilayer"
"20598","Monomer","FM-Cathelicidin","","LKTKALNKLKQKLQAVGNLIGSVIKG","","Ribosomal","Gram+    Gram-    Cancer    Fungus    Mammalian Cell","Lipid Bilayer"
"20752","Monomer","RW-BP100-4D","","RRLfRRILRWL","AMD","Synthetic","Gram+    Gram-    Cancer    Fungus    Mammalian Cell    Biofilm","Lipid Bilayer"
"20771","Monomer","Tilapia piscidin 1, TP1 [D2,4K;E11K;R15K]","","FKWKSVLKGVKGFVKGYF","","Synthetic","Gram+    Gram-    Fungus    Mammalian Cell    Biofilm","Lipid Bilayer"
"20772","Monomer","Tilapia piscidin 2, [G1,11K;E2K;W5A;D6K;F9,15L;H10,14,17K;R18K]","","KKCIAKAILKKAKKLLKKLVNP","","Synthetic","Gram+    Gram-    Fungus    Mammalian Cell    Biofilm","Lipid Bilayer"
"20801","Monomer","","","QHARKKKKRAHQ","AMD","Synthetic","Gram+    Fungus    Mammalian Cell    Biofilm","Cytoplasmic Protein    Lipid Bilayer"
"20803","Monomer","","","FLKLIWKRKKKK","AMD","Synthetic","Gram+    Fungus    Mammalian Cell    Biofilm","Cytoplasmic Protein    Lipid Bilayer"
"20804","Monomer","","","KKKKKRAHQQ","AMD","Synthetic","Gram+    Fungus    Mammalian Cell    Biofilm","Cytoplasmic Protein    Lipid Bilayer"
"20805","Monomer","","","HARKKKKRAH","AMD","Synthetic","Gram+    Fungus    Mammalian Cell    Biofilm","Cytoplasmic Protein    Lipid Bilayer"
"20806","Monomer","Chromogranin A (68-76)","","GAKERAHQQ","AMD","Synthetic","Gram+    Fungus    Mammalian Cell    Biofilm","Cytoplasmic Protein    Lipid Bilayer"
"20807","Monomer","","","KKRAKKRAH","AMD","Synthetic","Gram+    Fungus    Mammalian Cell    Biofilm","Cytoplasmic Protein    Lipid Bilayer"
"20808","Monomer","","","KARKKRAH","AMD","Synthetic","Gram+    Fungus    Mammalian Cell    Biofilm","Cytoplasmic Protein    Lipid Bilayer"
"20809","Monomer","Chromogranin A (72-76)","","RAHQQ","AMD","Synthetic","Gram+    Fungus    Mammalian Cell    Biofilm","Cytoplasmic Protein    Lipid Bilayer"
"20838","Monomer","","","RLRLRLRLL","AMD","Synthetic","Gram+    Gram-    Cancer    Fungus    Mammalian Cell","Lipid Bilayer"
"20839","Monomer","","","RIRIRIRWL","AMD","Synthetic","Gram+    Gram-    Cancer    Fungus    Mammalian Cell","Lipid Bilayer"
"20840","Monomer","","","RIRWRIRIL","AMD","Synthetic","Gram+    Gram-    Cancer    Fungus    Mammalian Cell","Lipid Bilayer"
"20841","Monomer","","","RIRWRIRWL","AMD","Synthetic","Gram+    Gram-    Cancer    Fungus    Mammalian Cell","Lipid Bilayer"
"20842","Monomer","","","RIRIRWRWL","AMD","Synthetic","Gram+    Gram-    Cancer    Fungus    Mammalian Cell","Lipid Bilayer"
"20853","Monomer","","","RWRIRIRWL","AMD","Synthetic","Gram+    Gram-    Cancer    Fungus    Mammalian Cell","Lipid Bilayer"
"20854","Monomer","","","RIRWRWRIL","AMD","Synthetic","Gram+    Gram-    Cancer    Fungus    Mammalian Cell","Lipid Bilayer"
"20855","Monomer","","","RWRWRWRIL","AMD","Synthetic","Gram+    Gram-    Cancer    Fungus    Mammalian Cell","Lipid Bilayer"
"20856","Monomer","","","RWRIRWRWL","AMD","Synthetic","Gram+    Gram-    Cancer    Fungus    Mammalian Cell","Lipid Bilayer"
"20891","Monomer","Malacidin A","8-Me-C9:2","DXvKXDGxVX","","Nonribosomal","Gram+    Gram-    Fungus    Mammalian Cell","Lipid II"
"20892","Monomer","Malacidin B","8-Me-C10:2","DXvKXDGxVX","","Nonribosomal","Gram+    Gram-    Fungus    Mammalian Cell","Lipid II"
"20908","Monomer","Daptomycin, Cubicin, Cidecin","C10","WnDTGXDaDGsXX","","Nonribosomal","Gram+    Gram-    Fungus    Mammalian Cell","Lipid Bilayer"
"21413","Monomer","Chrysophsin-2 (3-20), Octominin II","","GWLIRGAIHAGKAIHGLI","","Synthetic","Cancer    Fungus    Mammalian Cell    Biofilm","Lipid Bilayer    DNA / RNA"
"21721","Monomer","Cecropin-like peptide H1","","GWWKRVFKPVEKLGQRVRDAGIQGLEIAQQGANVLATVRGGPPQQG","","Ribosomal","Gram+    Gram-    Fungus    Mammalian Cell","Lipid Bilayer"
"21722","Monomer","Cecropin-like peptide H2","","SLWKKIFKPVEKLGQRVRDAGIQGIAIAQQGANVLATVRGGPPQQG","","Ribosomal","Gram+    Gram-    Fungus    Mammalian Cell","Lipid Bilayer"
"21723","Monomer","Cecropin-like peptide H3","","SLWKKLFKPVERAGQRIRDATIKGIAIAQQGANVLATLRGGPAIAPGQG","","Ribosomal","Gram+    Gram-    Fungus    Mammalian Cell","Lipid Bilayer"
"21733","Monomer","Temporin-PKE","","FLPLIIGALSSLLPKIF","AMD","Ribosomal","Gram+    Gram-    Cancer    Fungus    Mammalian Cell    Biofilm","Lipid Bilayer"
"21734","Monomer","Temporin-PKE [A8K]","","FLPLIIGKLSSLLPKIF","AMD","Synthetic","Gram+    Gram-    Cancer    Fungus    Mammalian Cell    Biofilm","Lipid Bilayer"
"21735","Monomer","Temporin-PKE [L12K]","","FLPLIIGALSSKLPKIF","AMD","Synthetic","Gram+    Gram-    Cancer    Fungus    Mammalian Cell    Biofilm","Lipid Bilayer"
"21736","Monomer","Temporin-PKE [L4K,A8K]","","FLPKIIGKLSSLLPKIF","AMD","Synthetic","Gram+    Gram-    Cancer    Fungus    Mammalian Cell    Biofilm","Lipid Bilayer"
"21737","Monomer","Temporin-PKE [L4,12K;A8K]","","FLPKIIGKLSSKLPKIF","AMD","Synthetic","Gram+    Gram-    Cancer    Fungus    Mammalian Cell    Biofilm","Lipid Bilayer"
"21738","Monomer","Temporin-PKE [I16i]","","FLPLIIGALSSLLPKiF","AMD","Synthetic","Gram+    Gram-    Cancer    Fungus    Mammalian Cell    Biofilm","Lipid Bilayer"
"21739","Monomer","Temporin-PKE [I5,6,16i]","","FLPLiiGALSSLLPKiF","AMD","Synthetic","Gram+    Gram-    Cancer    Fungus    Mammalian Cell    Biofilm","Lipid Bilayer"
"22248","Monomer","kk-Temporin B [G8k]","","kkLLPIVkNLLkSLL","","Synthetic","Gram+    Fungus    Mammalian Cell","Lipid Bilayer"
"22589","Monomer","S24","","GRRLSKVLGKLRDKIATWRQRLLTK","","Synthetic","Gram+    Gram-    Fungus    Mammalian Cell","Lipid Bilayer    DNA / RNA"
"22660","Monomer","Phylloseptin-TO2 [S10K;H7,18K]","","FLSLIPKAIKAVSALAKKL","AMD","Synthetic","Gram+    Gram-    Cancer    Fungus    Mammalian Cell    Biofilm","Lipid Bilayer"
"22661","Monomer","Phylloseptin-TO2 [S10,13K;H7,18K]","","FLSLIPKAIKAVKALAKKL","AMD","Synthetic","Gram+    Gram-    Cancer    Fungus    Mammalian Cell    Biofilm","Lipid Bilayer"
"22662","Monomer","Phylloseptin-TO2 [A8a;S10K;H7,18K]","","FLSLIPKaIKAVSALAKKL","AMD","Synthetic","Gram+    Gram-    Cancer    Fungus    Mammalian Cell    Biofilm","Lipid Bilayer"
"22663","Monomer","Phylloseptin-TO2 [A8a;S10,13K;H7,18K;L19l]","","FLSLIPKaIKAVKALAKKl","AMD","Synthetic","Gram+    Gram-    Cancer    Fungus    Mammalian Cell    Biofilm","Lipid Bilayer"
"22664","Monomer","Phylloseptin-TO2","","FLSLIPHAISAVSALAKHL","AMD","Ribosomal","Gram+    Gram-    Cancer    Fungus    Mammalian Cell    Biofilm","Lipid Bilayer"
"22814","Monomer","Brevinin-1pl","","FFPIVAGVAAKVLKKIFCTISKKC","","Ribosomal","Gram+    Gram-    Cancer    Fungus    Mammalian Cell","Lipid Bilayer"
"22815","Monomer","Brevinin-1pl [A16Del]","","FFPKVAGVAAKVLKKFCTISKKC","","Synthetic","Gram+    Gram-    Cancer    Fungus    Mammalian Cell","Lipid Bilayer    DNA / RNA"
"23237","Monomer","Plectasin [D9Y,M13G,Q14R]","","GFGCNGPWYEDDGRCHNHCKSIKGYKGGYCAKGGFVCKCY","","Synthetic","Gram+    Gram-    Cancer    Fungus    Mammalian Cell","Lipid Bilayer    Lipid II"
"23240","Monomer","Plectasin [N5,G6,D11,D12Del","","GFGCPWDEMQCHNHCKSIKGYKGGYCAKGGFVCKCY","","Synthetic","Gram+    Gram-    Cancer    Fungus","Lipid Bilayer    Lipid II"
"23251","Monomer","Dvir\GJ25723, DvAMP","","EKKPWARLRFKFKLLKGLAKKMK","","Synthetic","Cancer    Fungus    Mammalian Cell","Lipid Bilayer    DNA / RNA    Mitochondrial membrane"
"23279","Monomer","Bacillomycin like AF4","","NPYNQTSX","","Nonribosomal","Cancer    Fungus    Mammalian Cell    Biofilm","Lipid Bilayer    DNA / RNA"
"23554","Monomer","Cyclo(N-Bip-Orn-N-Bip-Orn)","","XX","","Synthetic","Gram+    Gram-    Fungus    Mammalian Cell","Lipid Bilayer"
"23555","Monomer","Cyclo(N-Bip-Arg-N-Bip-Arg)","","XX","","Synthetic","Gram+    Gram-    Fungus    Mammalian Cell","Lipid Bilayer"
"23556","Monomer","Cyclo(N-Bip-D-Arg-N-Bip-D-Arg)","","xx","","Synthetic","Gram+    Gram-    Fungus    Mammalian Cell","Lipid Bilayer"
"23557","Monomer","Cyclo(N-Bip-Arg-N-Bip-D-Arg)","","Xx","","Synthetic","Gram+    Gram-    Fungus    Mammalian Cell","Lipid Bilayer"
"23558","Monomer","cyclo(N-Bn-Arg-N-Bn-Arg) ","","XX","","Synthetic","Gram+    Gram-    Fungus    Mammalian Cell",""
"23588","Monomer","","","RKIIRRIIPIIRRIIKR","","Synthetic","Gram+    Gram-    Cancer    Fungus    Mammalian Cell    Biofilm","Lipid Bilayer    DNA / RNA"
"24365","Monomer","P19","","RRFSFWFSFRR","AMD","Synthetic","Gram+    Gram-    Fungus    Mammalian Cell    Biofilm","Lipid Bilayer"
"24717","Monomer","3b-cyclic","","RRRRXWX","","Synthetic","Gram+    Gram-    Fungus    Mammalian Cell    Biofilm","Lipid Bilayer"
"24721","Monomer","4a-cyclic","","RRRRWXX","","Synthetic","Gram+    Gram-    Fungus    Mammalian Cell","Lipid Bilayer"
"24723","Monomer","4b-cyclic","","RRRRXWX","","Synthetic","Gram+    Gram-    Fungus    Mammalian Cell    Biofilm","Lipid Bilayer"